"DateTime","Players","Players Trend"
"2023-04-20 04:00:00",7164,16818.243055555555
"2023-04-20 04:10:00",7410,16813.65407641645
"2023-04-20 04:20:00",7870,16809.569940476194
"2023-04-20 04:30:00",8199,16805.011078042324
"2023-04-20 04:40:00",8497,16801.673583553795
"2023-04-20 04:50:00",8803,16798.738742835096
"2023-04-20 05:00:00",8949,16795.77018672053
"2023-04-20 05:10:00",9039,16793.576388888898
"2023-04-20 05:20:00",9157,16792.628251763672
"2023-04-20 05:30:00",9254,16792.33208705357
"2023-04-20 05:40:00",9329,16793.069504569507
"2023-04-20 05:50:00",9498,16794.894362461422
"2023-04-20 06:00:00",9604,16796.44406606126
"2023-04-20 06:10:00",9782,16799.47670816012
"2023-04-20 06:20:00",9996,16802.158834876547
"2023-04-20 06:30:00",10356,16805.138351521167
"2023-04-20 06:40:00",10619,16807.819694081343
"2023-04-20 06:50:00",10867,16810.375854276906
"2023-04-20 07:00:00",11136,16813.223341557026
"2023-04-20 07:10:00",11418,16816.072491595023
"2023-04-20 07:20:00",11645,16818.994027935256
"2023-04-20 07:30:00",11968,16823.15363925716
"2023-04-20 07:40:00",12254,16826.952651733
"2023-04-20 07:50:00",12553,16831.31121858466
"2023-04-20 08:00:00",12823,16835.92000661376
"2023-04-20 08:10:00",13211,16841.23296480719
"2023-04-20 08:20:00",13560,16846.072514789095
"2023-04-20 08:30:00",13944,16852.14200237388
"2023-04-20 08:40:00",14075,16858.06572278098
"2023-04-20 08:50:00",14185,16864.983565503757
"2023-04-20 09:00:00",14289,16872.50104273341
"2023-04-20 09:10:00",14364,16880.623677248685
"2023-04-20 09:20:00",14379,16888.446729196734
"2023-04-20 09:30:00",14457,16897.175592198688
"2023-04-20 09:40:00",14543,16906.266439121948
"2023-04-20 09:50:00",14716,16915.385271990748
"2023-04-20 10:00:00",14777,16924.041569471257
"2023-04-20 10:10:00",14803,16932.968883254147
"2023-04-20 10:20:00",15023,16943.20748912546
"2023-04-20 10:30:00",15275,16953.37498759921
"2023-04-20 10:40:00",15762,16964.797027573455
"2023-04-20 10:50:00",16442,16976.967078353337
"2023-04-20 11:00:00",17153,16988.954733257968
"2023-04-20 11:10:00",18255,17002.5410394245
"2023-04-20 11:20:00",19429,17017.596897045856
"2023-04-20 11:30:00",20955,17034.63862739389
"2023-04-20 11:40:00",22599,17054.061730007455
"2023-04-20 11:50:00",24505,17078.128365437613
"2023-04-20 12:00:00",26863,17107.18221574344
"2023-04-20 12:10:00",29609,17140.621168016976
"2023-04-20 12:20:00",32604,17178.97600568005
"2023-04-20 12:30:00",35497,17221.597455134568
"2023-04-20 12:40:00",38714,17270.520713225025
"2023-04-20 12:50:00",41867,17324.369735403812
"2023-04-20 13:00:00",45213,17383.200612148274
"2023-04-20 13:10:00",48834,17448.460493138235
"2023-04-20 13:20:00",51954,17518.54890553932
"2023-04-20 13:30:00",54682,17594.59313245473
"2023-04-20 13:40:00",57269,17677.597056060928
"2023-04-20 13:50:00",59543,17765.33019179894
"2023-04-20 14:00:00",61216,17854.74505052476
"2023-04-20 14:10:00",62330,17945.035513606206
"2023-04-20 14:20:00",62784,18037.39314157376
"2023-04-20 14:30:00",62604,18131.3974609375
"2023-04-20 14:40:00",61622,18227.55448378782
"2023-04-20 14:50:00",59865,18327.100325865296
"2023-04-20 15:00:00",56625,18428.792213288714
"2023-04-20 15:10:00",52274,18537.67906604192
"2023-04-20 15:20:00",48619,18655.071352489264
"2023-04-20 15:30:00",44857,18773.428047642672
"2023-04-20 15:40:00",40732,18890.635256368463
"2023-04-20 15:50:00",36866,19007.647579778444
"2023-04-20 16:00:00",33095,19120.3958842955
"2023-04-20 16:10:00",29220,19229.1998273385
"2023-04-20 16:20:00",26360,19329.487395006614
"2023-04-20 16:30:00",23981,19423.75730667816
"2023-04-20 16:40:00",22085,19510.421721824256
"2023-04-20 16:50:00",20293,19588.89339981007
"2023-04-20 17:00:00",18745,19660.684490060532
"2023-04-20 17:10:00",17339,19727.080944113764
"2023-04-20 17:20:00",16391,19787.847203850684
"2023-04-20 17:30:00",15433,19841.726328850902
"2023-04-20 17:40:00",14706,19890.126968605244
"2023-04-20 17:50:00",13893,19932.315572641095
"2023-04-20 18:00:00",13139,19971.331328295208
"2023-04-20 18:10:00",12539,20007.2472605301
"2023-04-20 18:20:00",11908,20039.148235096243
"2023-04-20 18:30:00",11404,20067.414459889067
"2023-04-20 18:40:00",10909,20093.164614110832
"2023-04-20 18:50:00",10591,20116.893873319
"2023-04-20 19:00:00",10240,20138.151023269882
"2023-04-20 19:10:00",9865,20156.98749077428
"2023-04-20 19:20:00",9471,20173.33773139259
"2023-04-20 19:30:00",9146,20188.000894660094
"2023-04-20 19:40:00",8760,20200.67131486123
"2023-04-20 19:50:00",8452,20212.951704075727
"2023-04-20 20:00:00",8145,20223.592892598048
"2023-04-20 20:10:00",7714,20232.906470317957
"2023-04-20 20:20:00",7383,20241.954085122055
"2023-04-20 20:30:00",7100,20248.785014880952
"2023-04-20 20:40:00",6854,20256.265248474254
"2023-04-20 20:50:00",6553,20262.71741650943
"2023-04-20 21:00:00",6355,20267.745137805327
"2023-04-20 21:10:00",6138,20271.51906939993
"2023-04-20 21:20:00",5890,20274.177251826655
"2023-04-20 21:30:00",5731,20276.39690611898
"2023-04-20 21:40:00",5537,20277.470571487294
"2023-04-20 21:50:00",5379,20278.219840810558
"2023-04-20 22:00:00",5213,20277.56329410587
"2023-04-20 22:10:00",5019,20276.500873065976
"2023-04-20 22:20:00",4903,20275.314330885943
"2023-04-20 22:30:00",4717,20273.14910773337
"2023-04-20 22:40:00",4614,20270.834442942207
"2023-04-20 22:50:00",4541,20267.86739146042
"2023-04-20 23:00:00",4372,20263.788972100014
"2023-04-20 23:10:00",4143,20259.664870689656
"2023-04-20 23:20:00",4062,20255.43686618166
"2023-04-20 23:30:00",3964,20251.129418045468
"2023-04-20 23:40:00",3897,20246.783985237613
"2023-04-20 23:50:00",3824,20242.195066550925
"2023-04-21 00:00:00",3788,20237.89062773296
"2023-04-21 00:10:00",3725,20233.321655919313
"2023-04-21 00:20:00",3713,20229.14647068036
"2023-04-21 00:30:00",3737,20225.427813046703
"2023-04-21 00:40:00",3778,20222.13425727513
"2023-04-21 00:50:00",3943,20219.235004881582
"2023-04-21 01:00:00",3986,20216.122672654197
"2023-04-21 01:10:00",4076,20213.614629405725
"2023-04-21 01:20:00",4254,20211.79233829621
"2023-04-21 01:30:00",4399,20210.58663003663
"2023-04-21 01:40:00",4488,20210.150997964123
"2023-04-21 01:50:00",4671,20210.530573906224
"2023-04-21 02:00:00",4868,20211.705156368105
"2023-04-21 02:10:00",4977,20214.058423161965
"2023-04-21 02:20:00",5224,20218.26592491549
"2023-04-21 02:30:00",5463,20223.057492267737
"2023-04-21 02:40:00",5726,20228.755058678984
"2023-04-21 02:50:00",5927,20235.01618573154
"2023-04-21 03:00:00",6091,20242.203592185775
"2023-04-21 03:10:00",6249,20250.31297388747
"2023-04-21 03:20:00",6485,20258.9742784673
"2023-04-21 03:30:00",6601,20268.7542054992
"2023-04-21 03:40:00",6759,20279.336060688925
"2023-04-21 03:50:00",6952,20290.832696070323
"2023-04-21 04:00:00",7184,20307.547123015873
"2023-04-21 04:10:00",7475,20325.102182539682
"2023-04-21 04:20:00",7842,20342.603078152555
"2023-04-21 04:30:00",8325,20360.37991898148
"2023-04-21 04:40:00",8659,20377.65310846561
"2023-04-21 04:50:00",8948,20395.534942680777
"2023-04-21 05:00:00",9198,20414.723090277777
"2023-04-21 05:10:00",9459,20435.61761463845
"2023-04-21 05:20:00",9664,20458.231453924163
"2023-04-21 05:30:00",9905,20483.106212797622
"2023-04-21 05:40:00",10126,20509.028645833336
"2023-04-21 05:50:00",10248,20536.972580467373
"2023-04-21 06:00:00",10557,20567.830977182544
"2023-04-21 06:10:00",10670,20599.58656787368
"2023-04-21 06:20:00",10903,20634.778921406527
"2023-04-21 06:30:00",11202,20671.938760747358
"2023-04-21 06:40:00",11430,20709.78505291006
"2023-04-21 06:50:00",11702,20749.91447241513
"2023-04-21 07:00:00",11952,20791.309647817467
"2023-04-21 07:10:00",12229,20833.835689484134
"2023-04-21 07:20:00",12614,20877.219094466494
"2023-04-21 07:30:00",12865,20920.73010706019
"2023-04-21 07:40:00",13212,20965.11281966491
"2023-04-21 07:50:00",13529,21010.233424272494
"2023-04-21 08:00:00",13875,21055.443287037044
"2023-04-21 08:10:00",14170,21100.55559344687
"2023-04-21 08:20:00",14672,21145.63713210979
"2023-04-21 08:30:00",15026,21188.92940848214
"2023-04-21 08:40:00",15295,21231.39832727072
"2023-04-21 08:50:00",15486,21273.349223572528
"2023-04-21 09:00:00",15674,21315.286851025132
"2023-04-21 09:10:00",15705,21355.5622347608
"2023-04-21 09:20:00",15848,21394.877590388005
"2023-04-21 09:30:00",15974,21431.901145006614
"2023-04-21 09:40:00",16053,21466.976948302465
"2023-04-21 09:50:00",16155,21499.32822833995
"2023-04-21 10:00:00",16255,21529.848958333332
"2023-04-21 10:10:00",16459,21558.420600473986
"2023-04-21 10:20:00",16652,21584.837673611113
"2023-04-21 10:30:00",17055,21610.08059482474
"2023-04-21 10:40:00",17605,21633.144290123462
"2023-04-21 10:50:00",18209,21654.69499214617
"2023-04-21 11:00:00",19078,21675.785652281756
"2023-04-21 11:10:00",20314,21696.901065779326
"2023-04-21 11:20:00",21673,21717.62235449736
"2023-04-21 11:30:00",23434,21737.814887152785
"2023-04-21 11:40:00",25628,21759.506159060853
"2023-04-21 11:50:00",28103,21782.052389908516
"2023-04-21 12:00:00",30914,21804.77876984128
"2023-04-21 12:10:00",34174,21828.911299878757
"2023-04-21 12:20:00",37595,21854.4888806217
"2023-04-21 12:30:00",41192,21877.102833581353
"2023-04-21 12:40:00",44915,21894.70775462963
"2023-04-21 12:50:00",48569,21909.70787863757
"2023-04-21 13:00:00",52611,21925.75948660715
"2023-04-21 13:10:00",56728,21939.614814125885
"2023-04-21 13:20:00",60540,21951.27438822752
"2023-04-21 13:30:00",64120,21960.810608878975
"2023-04-21 13:40:00",67252,21967.948247354507
"2023-04-21 13:50:00",69663,21970.619960455253
"2023-04-21 14:00:00",71394,21971.500702711644
"2023-04-21 14:10:00",72791,21971.476751956572
"2023-04-21 14:20:00",73512,21969.905678185634
"2023-04-21 14:30:00",73733,21966.919952876993
"2023-04-21 14:40:00",73393,21962.7865410053
"2023-04-21 14:50:00",72202,21955.779555224875
"2023-04-21 15:00:00",70362,21946.831018518522
"2023-04-21 15:10:00",67558,21934.917055913807
"2023-04-21 15:20:00",64336,21914.803984788367
"2023-04-21 15:30:00",60719,21890.553695436516
"2023-04-21 15:40:00",56863,21864.643780313058
"2023-04-21 15:50:00",52652,21832.87230282739
"2023-04-21 16:00:00",48591,21799.09945436508
"2023-04-21 16:10:00",43668,21764.56218653549
"2023-04-21 16:20:00",40097,21731.992752425045
"2023-04-21 16:30:00",36733,21698.375268683867
"2023-04-21 16:40:00",33755,21667.536733906527
"2023-04-21 16:50:00",31088,21640.31646136464
"2023-04-21 17:00:00",28846,21615.959346064814
"2023-04-21 17:10:00",26676,21594.201316550927
"2023-04-21 17:20:00",24775,21575.216820987655
"2023-04-21 17:30:00",23057,21558.714192708332
"2023-04-21 17:40:00",21465,21545.35724619709
"2023-04-21 17:50:00",20238,21534.620673500882
"2023-04-21 18:00:00",19069,21525.58304398148
"2023-04-21 18:10:00",17918,21517.046103395063
"2023-04-21 18:20:00",16783,21509.913525132273
"2023-04-21 18:30:00",15942,21504.90646701389
"2023-04-21 18:40:00",15171,21500.566798941803
"2023-04-21 18:50:00",14511,21496.99695836089
"2023-04-21 19:00:00",13827,21494.100756448413
"2023-04-21 19:10:00",13110,21491.86593708664
"2023-04-21 19:20:00",12489,21490.53421241181
"2023-04-21 19:30:00",11895,21489.558531746028
"2023-04-21 19:40:00",11476,21489.055169753083
"2023-04-21 19:50:00",10946,21488.12059771825
"2023-04-21 20:00:00",10473,21488.047288359787
"2023-04-21 20:10:00",10029,21488.463631227947
"2023-04-21 20:20:00",9386,21489.046096505732
"2023-04-21 20:30:00",9222,21491.311941964286
"2023-04-21 20:40:00",8845,21492.583622685182
"2023-04-21 20:50:00",8345,21494.225332754624
"2023-04-21 21:00:00",7975,21496.183841765873
"2023-04-21 21:10:00",7609,21498.098372740296
"2023-04-21 21:20:00",7308,21500.201526675482
"2023-04-21 21:30:00",6991,21502.055369543647
"2023-04-21 21:40:00",6761,21503.702704750882
"2023-04-21 21:50:00",6403,21505.129350611773
"2023-04-21 22:00:00",6191,21507.645833333332
"2023-04-21 22:10:00",5988,21510.613987406305
"2023-04-21 22:20:00",5738,21513.425877700618
"2023-04-21 22:30:00",5538,21516.06427744709
"2023-04-21 22:40:00",5342,21518.25958994709
"2023-04-21 22:50:00",5113,21520.73127480159
"2023-04-21 23:00:00",4955,21523.322647982804
"2023-04-21 23:10:00",4717,21525.592134452163
"2023-04-21 23:20:00",4632,21527.45997299383
"2023-04-21 23:30:00",4534,21528.857855902777
"2023-04-21 23:40:00",4436,21529.728401951063
"2023-04-21 23:50:00",4410,21530.426621748236
"2023-04-22 00:00:00",4339,21530.969328703704
"2023-04-22 00:10:00",4338,21531.57761863426
"2023-04-22 00:20:00",4395,21531.908902391977
"2023-04-22 00:30:00",4482,21532.16982886905
"2023-04-22 00:40:00",4572,21532.456735008815
"2023-04-22 00:50:00",4702,21532.58401193232
"2023-04-22 01:00:00",4832,21532.436445932537
"2023-04-22 01:10:00",5015,21532.261594742064
"2023-04-22 01:20:00",5278,21531.788800705464
"2023-04-22 01:30:00",5536,21530.337456597223
"2023-04-22 01:40:00",5738,21528.40866126543
"2023-04-22 01:50:00",6030,21526.29467730379
"2023-04-22 02:00:00",6402,21523.75421626984
"2023-04-22 02:10:00",6780,21520.58629918981
"2023-04-22 02:20:00",7101,21516.943783068786
"2023-04-22 02:30:00",7462,21513.38910590278
"2023-04-22 02:40:00",7799,21509.506558641973
"2023-04-22 02:50:00",8133,21505.199349647264
"2023-04-22 03:00:00",8430,21500.804336144178
"2023-04-22 03:10:00",8658,21495.879836309523
"2023-04-22 03:20:00",9061,21491.232514880958
"2023-04-22 03:30:00",9292,21485.65016327712
"2023-04-22 03:40:00",9580,21479.621389991185
"2023-04-22 03:50:00",9830,21472.91560570988
"2023-04-22 04:00:00",10192,21466.38690476191
"2023-04-22 04:10:00",10485,21458.499276620376
"2023-04-22 04:20:00",10886,21451.154010967817
"2023-04-22 04:30:00",11291,21443.63227513228
"2023-04-22 04:40:00",11724,21436.372822971785
"2023-04-22 04:50:00",12211,21429.47636959877
"2023-04-22 05:00:00",12716,21422.302517361117
"2023-04-22 05:10:00",13241,21413.945157490085
"2023-04-22 05:20:00",13790,21404.017195767203
"2023-04-22 05:30:00",14186,21392.871093750004
"2023-04-22 05:40:00",14730,21381.15090388008
"2023-04-22 05:50:00",15294,21367.59428736773
"2023-04-22 06:00:00",15753,21352.765252976198
"2023-04-22 06:10:00",16406,21337.86983989198
"2023-04-22 06:20:00",16957,21321.06024029983
"2023-04-22 06:30:00",17372,21302.717117228844
"2023-04-22 06:40:00",17961,21284.28659611994
"2023-04-22 06:50:00",18439,21264.620339368397
"2023-04-22 07:00:00",18873,21244.235987103188
"2023-04-22 07:10:00",19277,21223.63027033731
"2023-04-22 07:20:00",19695,21202.74083719137
"2023-04-22 07:30:00",20084,21181.557012648816
"2023-04-22 07:40:00",20552,21159.70451664463
"2023-04-22 07:50:00",20883,21136.989297426157
"2023-04-22 08:00:00",21229,21113.855985449743
"2023-04-22 08:10:00",21512,21090.78529748127
"2023-04-22 08:20:00",21742,21068.287388392862
"2023-04-22 08:30:00",21960,21046.19509548612
"2023-04-22 08:40:00",22146,21024.194954254857
"2023-04-22 08:50:00",22333,21002.06786678793
"2023-04-22 09:00:00",22269,20979.314380787044
"2023-04-22 09:10:00",22142,20957.438891644626
"2023-04-22 09:20:00",21924,20935.95723104057
"2023-04-22 09:30:00",21748,20915.93974247686
"2023-04-22 09:40:00",21408,20895.8208429784
"2023-04-22 09:50:00",21221,20877.396563602302
"2023-04-22 10:00:00",20999,20858.974206349216
"2023-04-22 10:10:00",20868,20841.92169587743
"2023-04-22 10:20:00",20863,20826.590181327167
"2023-04-22 10:30:00",20917,20811.751116071435
"2023-04-22 10:40:00",21237,20798.597938712534
"2023-04-22 10:50:00",21754,20786.188657407412
"2023-04-22 11:00:00",22615,20773.687334656093
"2023-04-22 11:10:00",23771,20761.273213596785
"2023-04-22 11:20:00",25023,20749.053571428576
"2023-04-22 11:30:00",26966,20738.297495039693
"2023-04-22 11:40:00",29237,20726.25925236994
"2023-04-22 11:50:00",31693,20712.790846836426
"2023-04-22 12:00:00",34673,20698.482638888898
"2023-04-22 12:10:00",38117,20681.63799327602
"2023-04-22 12:20:00",40989,20662.44503003749
"2023-04-22 12:30:00",43730,20643.88744212964
"2023-04-22 12:40:00",46979,20627.734567901243
"2023-04-22 12:50:00",50720,20612.71968005953
"2023-04-22 13:00:00",54351,20594.881882440484
"2023-04-22 13:10:00",58034,20576.026620370372
"2023-04-22 13:20:00",61404,20556.901151895952
"2023-04-22 13:30:00",64530,20536.749483300267
"2023-04-22 13:40:00",66921,20513.29292052469
"2023-04-22 13:50:00",69027,20490.067660108023
"2023-04-22 14:00:00",70569,20463.979497354496
"2023-04-22 14:10:00",71675,20435.907793209877
"2023-04-22 14:20:00",72110,20403.55729166667
"2023-04-22 14:30:00",72059,20368.91059027778
"2023-04-22 14:40:00",71177,20331.22266313933
"2023-04-22 14:50:00",69495,20288.38318107915
"2023-04-22 15:00:00",66979,20242.391059027777
"2023-04-22 15:10:00",62784,20189.84600625551
"2023-04-22 15:20:00",58856,20132.86334325397
"2023-04-22 15:30:00",54916,20074.35915798611
"2023-04-22 15:40:00",50132,20012.101183586856
"2023-04-22 15:50:00",45608,19951.20589106591
"2023-04-22 16:00:00",41525,19893.585069444438
"2023-04-22 16:10:00",36982,19838.92860587521
"2023-04-22 16:20:00",33339,19787.532620976624
"2023-04-22 16:30:00",30535,19741.057457010582
"2023-04-22 16:40:00",28230,19698.442226080242
"2023-04-22 16:50:00",26094,19658.04828386794
"2023-04-22 17:00:00",24351,19621.93524718915
"2023-04-22 17:10:00",22734,19588.937300209433
"2023-04-22 17:20:00",21317,19558.060019841265
"2023-04-22 17:30:00",20206,19530.59669518849
"2023-04-22 17:40:00",19081,19504.907531415345
"2023-04-22 17:50:00",18173,19480.868417245372
"2023-04-22 18:00:00",17147,19457.93774801588
"2023-04-22 18:10:00",16281,19437.757960620595
"2023-04-22 18:20:00",15528,19419.146067570553
"2023-04-22 18:30:00",14825,19401.49494667659
"2023-04-22 18:40:00",14218,19385.391920194008
"2023-04-22 18:50:00",13706,19369.68632536927
"2023-04-22 19:00:00",13170,19354.68967013889
"2023-04-22 19:10:00",12626,19341.100594549167
"2023-04-22 19:20:00",12095,19328.5170579806
"2023-04-22 19:30:00",11579,19316.80999917328
"2023-04-22 19:40:00",11116,19306.251694775136
"2023-04-22 19:50:00",10746,19296.067987351187
"2023-04-22 20:00:00",10352,19286.574735449733
"2023-04-22 20:10:00",9975,19277.828824266973
"2023-04-22 20:20:00",9589,19269.2850873567
"2023-04-22 20:30:00",9278,19261.41793774801
"2023-04-22 20:40:00",8987,19254.249683090824
"2023-04-22 20:50:00",8561,19247.265280533502
"2023-04-22 21:00:00",8203,19241.479869378298
"2023-04-22 21:10:00",7874,19236.745962852725
"2023-04-22 21:20:00",7553,19232.062114197524
"2023-04-22 21:30:00",7206,19227.9958870701
"2023-04-22 21:40:00",6967,19224.702780533506
"2023-04-22 21:50:00",6794,19221.853346836415
"2023-04-22 22:00:00",6657,19218.534598214283
"2023-04-22 22:10:00",6447,19214.853746417542
"2023-04-22 22:20:00",6170,19211.11837935405
"2023-04-22 22:30:00",5910,19207.995876736106
"2023-04-22 22:40:00",5782,19205.037257495587
"2023-04-22 22:50:00",5571,19201.634421158506
"2023-04-22 23:00:00",5361,19198.447627314814
"2023-04-22 23:10:00",5057,19195.617518187828
"2023-04-22 23:20:00",4894,19193.270268408287
"2023-04-22 23:30:00",4713,19190.991908482138
"2023-04-22 23:40:00",4579,19189.323929398142
"2023-04-22 23:50:00",4532,19187.975391313925
"2023-04-23 00:00:00",4462,19186.128885582002
"2023-04-23 00:10:00",4404,19184.367917768952
"2023-04-23 00:20:00",4439,19182.58613040123
"2023-04-23 00:30:00",4522,19180.42176132605
"2023-04-23 00:40:00",4590,19178.06542107583
"2023-04-23 00:50:00",4660,19175.4300009645
"2023-04-23 01:00:00",4770,19172.64955357142
"2023-04-23 01:10:00",4889,19169.286186204798
"2023-04-23 01:20:00",4970,19165.54585537918
"2023-04-23 01:30:00",5129,19161.876612103162
"2023-04-23 01:40:00",5281,19157.58245838844
"2023-04-23 01:50:00",5472,19152.661826912463
"2023-04-23 02:00:00",5694,19147.03819444443
"2023-04-23 02:10:00",5978,19140.75917658729
"2023-04-23 02:20:00",6291,19133.818018353162
"2023-04-23 02:30:00",6582,19126.48769221229
"2023-04-23 02:40:00",6823,19118.647789902985
"2023-04-23 02:50:00",7117,19110.380005098094
"2023-04-23 03:00:00",7310,19101.524987599194
"2023-04-23 03:10:00",7553,19092.60235821758
"2023-04-23 03:20:00",7776,19082.652130180762
"2023-04-23 03:30:00",7906,19071.899966931203
"2023-04-23 03:40:00",8066,19060.68303571427
"2023-04-23 03:50:00",8319,19049.23870838844
"2023-04-23 04:00:00",8447,19037.247519841258
"2023-04-23 04:10:00",8820,19025.524763695976
"2023-04-23 04:20:00",9199,19013.057484567893
"2023-04-23 04:30:00",9626,19000.266730737425
"2023-04-23 04:40:00",10081,18987.13164131393
"2023-04-23 04:50:00",10472,18972.931626846334
"2023-04-23 05:00:00",10726,18957.69994212962
"2023-04-23 05:10:00",10920,18941.63476906966
"2023-04-23 05:20:00",11229,18925.120976631384
"2023-04-23 05:30:00",11464,18907.679470486102
"2023-04-23 05:40:00",11612,18889.055107749107
"2023-04-23 05:50:00",11925,18869.742511298493
"2023-04-23 06:00:00",12268,18849.263847552902
"2023-04-23 06:10:00",12530,18827.376839451048
"2023-04-23 06:20:00",12789,18803.684861386675
"2023-04-23 06:30:00",13113,18779.22119915674
"2023-04-23 06:40:00",13443,18753.753858024684
"2023-04-23 06:50:00",13753,18727.627170138883
"2023-04-23 07:00:00",14113,18700.69996279761
"2023-04-23 07:10:00",14449,18672.626295193997
"2023-04-23 07:20:00",14778,18643.6872244268
"2023-04-23 07:30:00",15017,18613.938781415338
"2023-04-23 07:40:00",15321,18583.79982363315
"2023-04-23 07:50:00",15566,18553.348138503083
"2023-04-23 08:00:00",15910,18523.51579034391
"2023-04-23 08:10:00",16326,18494.073708939588
"2023-04-23 08:20:00",16636,18464.429446373455
"2023-04-23 08:30:00",16871,18435.825675843254
"2023-04-23 08:40:00",17022,18407.395667989418
"2023-04-23 08:50:00",17135,18379.810508983686
"2023-04-23 09:00:00",17237,18352.732204861113
"2023-04-23 09:10:00",17232,18325.36961943342
"2023-04-23 09:20:00",17309,18299.466269841265
"2023-04-23 09:30:00",17183,18273.48217385912
"2023-04-23 09:40:00",17177,18249.2889247134
"2023-04-23 09:50:00",17041,18225.482514880947
"2023-04-23 10:00:00",17108,18203.539682539675
"2023-04-23 10:10:00",17301,18182.627314814807
"2023-04-23 10:20:00",17439,18161.34171075837
"2023-04-23 10:30:00",17819,18141.291635664675
"2023-04-23 10:40:00",18276,18121.975005511453
"2023-04-23 10:50:00",18771,18102.941836833106
"2023-04-23 11:00:00",19655,18084.615327380943
"2023-04-23 11:10:00",20858,18066.248064098316
"2023-04-23 11:20:00",22319,18047.729745370365
"2023-04-23 11:30:00",24018,18027.847346230155
"2023-04-23 11:40:00",26038,18006.699955908283
"2023-04-23 11:50:00",28307,17984.635788690473
"2023-04-23 12:00:00",30803,17960.755621693115
"2023-04-23 12:10:00",33942,17935.33715691137
"2023-04-23 12:20:00",37088,17908.431719852288
"2023-04-23 12:30:00",40334,17880.98473668981
"2023-04-23 12:40:00",43756,17852.672260802465
"2023-04-23 12:50:00",47085,17822.141303598983
"2023-04-23 13:00:00",50622,17791.33017113095
"2023-04-23 13:10:00",54343,17759.922364142414
"2023-04-23 13:20:00",57623,17726.75699955908
"2023-04-23 13:30:00",60323,17692.022528108464
"2023-04-23 13:40:00",62813,17656.055700231478
"2023-04-23 13:50:00",64456,17619.65906773589
"2023-04-23 14:00:00",65709,17582.870081018522
"2023-04-23 14:10:00",66125,17543.084473517425
"2023-04-23 14:20:00",66212,17502.7313919202
"2023-04-23 14:30:00",65740,17461.609375000004
"2023-04-23 14:40:00",64058,17418.998567019407
"2023-04-23 14:50:00",61964,17377.5225935571
"2023-04-23 15:00:00",58595,17335.726810515876
"2023-04-23 15:10:00",53771,17296.415033895504
"2023-04-23 15:20:00",49642,17259.600625551146
"2023-04-23 15:30:00",45241,17223.673797123014
"2023-04-23 15:40:00",40760,17191.235670194008
"2023-04-23 15:50:00",36812,17161.865227485672
"2023-04-23 16:00:00",33164,17136.34027777778
"2023-04-23 16:10:00",29207,17112.439046654545
"2023-04-23 16:20:00",26304,17090.772824349653
"2023-04-23 16:30:00",24029,17069.70529513889
"2023-04-23 16:40:00",21996,17049.795331790127
"2023-04-23 16:50:00",20501,17031.520003169095
"2023-04-23 17:00:00",19182,17012.724268353177
"2023-04-23 17:10:00",17829,16994.85450424383
"2023-04-23 17:20:00",16876,16979.02678571429
"2023-04-23 17:30:00",15971,16963.33268229167
"2023-04-23 17:40:00",15063,16948.942825451944
"2023-04-23 17:50:00",14316,16936.233923748903
"2023-04-23 18:00:00",13709,16924.598999669317
"2023-04-23 18:10:00",13031,16913.33081872796
"2023-04-23 18:20:00",12414,16902.766734182103
"2023-04-23 18:30:00",11945,16893.27835648149
"2023-04-23 18:40:00",11372,16883.735532407416
"2023-04-23 18:50:00",10949,16875.710362240967
"2023-04-23 19:00:00",10620,16868.255270337308
"2023-04-23 19:10:00",10231,16860.58400159833
"2023-04-23 19:20:00",9835,16853.022789903003
"2023-04-23 19:30:00",9531,16845.661168981485
"2023-04-23 19:40:00",9095,16838.423108190036
"2023-04-23 19:50:00",8827,16831.95265308091
"2023-04-23 20:00:00",8548,16825.776124338627
"2023-04-23 20:10:00",8144,16819.569179205246
"2023-04-23 20:20:00",7911,16813.788077325837
"2023-04-23 20:30:00",7702,16807.670696924604
"2023-04-23 20:40:00",7424,16801.388310185186
"2023-04-23 20:50:00",7207,16795.602678571428
"2023-04-23 21:00:00",7026,16789.97098214286
"2023-04-23 21:10:00",6709,16784.170907049163
"2023-04-23 21:20:00",6504,16779.03734016755
"2023-04-23 21:30:00",6296,16774.1851541832
"2023-04-23 21:40:00",6090,16769.43965636023
"2023-04-23 21:50:00",5813,16764.521291473768
"2023-04-23 22:00:00",5611,16759.633680555555
"2023-04-23 22:10:00",5396,16754.684420469577
"2023-04-23 22:20:00",5242,16750.15625688933
"2023-04-23 22:30:00",4993,16745.87609540344
"2023-04-23 22:40:00",4779,16741.986331569664
"2023-04-23 22:50:00",4618,16738.552786044977
"2023-04-23 23:00:00",4487,16735.46773726852
"2023-04-23 23:10:00",4288,16732.50226658951
"2023-04-23 23:20:00",4157,16729.661403218695
"2023-04-23 23:30:00",4094,16727.092819940477
"2023-04-23 23:40:00",4022,16724.888482418428
"2023-04-23 23:50:00",3884,16722.65215429343
"2023-04-24 00:00:00",3843,16720.93353174603
"2023-04-24 00:10:00",3786,16719.280502507718
"2023-04-24 00:20:00",3752,16717.710441468254
"2023-04-24 00:30:00",3805,16716.30178364749
"2023-04-24 00:40:00",3837,16714.619819223986
"2023-04-24 00:50:00",3885,16712.927662037036
"2023-04-24 01:00:00",3905,16711.516183035714
"2023-04-24 01:10:00",4002,16709.826864252645
"2023-04-24 01:20:00",4121,16707.91550925926
"2023-04-24 01:30:00",4179,16705.399222883596
"2023-04-24 01:40:00",4243,16702.888964671514
"2023-04-24 01:50:00",4345,16700.56670249118
"2023-04-24 02:00:00",4472,16698.10400132275
"2023-04-24 02:10:00",4637,16695.35310226521
"2023-04-24 02:20:00",4897,16692.54644786155
"2023-04-24 02:30:00",5120,16689.379557291664
"2023-04-24 02:40:00",5293,16685.74743716931
"2023-04-24 02:50:00",5507,16681.865788966046
"2023-04-24 03:00:00",5683,16678.131613756614
"2023-04-24 03:10:00",5786,16673.84945780974
"2023-04-24 03:20:00",5889,16669.425912147264
"2023-04-24 03:30:00",5968,16665.303891782405
"2023-04-24 03:40:00",6085,16661.373649691355
"2023-04-24 03:50:00",6301,16657.81975790895
"2023-04-24 04:00:00",6456,16653.984126984127
"2023-04-24 04:10:00",6698,16650.13858231371
"2023-04-24 04:20:00",7011,16646.1530602403
"2023-04-24 04:30:00",7368,16642.093140294313
"2023-04-24 04:40:00",7653,16636.90733851411
"2023-04-24 04:50:00",7923,16631.59816261574
"2023-04-24 05:00:00",8115,16626.603443287036
"2023-04-24 05:10:00",8293,16621.7819664903
"2023-04-24 05:20:00",8476,16616.561590608464
"2023-04-24 05:30:00",8604,16611.033792162696
"2023-04-24 05:40:00",8696,16605.81778411596
"2023-04-24 05:50:00",8827,16600.312713569223
"2023-04-24 06:00:00",9021,16594.032407407405
"2023-04-24 06:10:00",9033,16586.727117091046
"2023-04-24 06:20:00",9176,16579.78759507275
"2023-04-24 06:30:00",9389,16572.907355737432
"2023-04-24 06:40:00",9646,16565.612709435623
"2023-04-24 06:50:00",9830,16557.907886215824
"2023-04-24 07:00:00",9998,16549.82335069444
"2023-04-24 07:10:00",10200,16541.407383294747
"2023-04-24 07:20:00",10423,16532.74060295414
"2023-04-24 07:30:00",10638,16524.288721478173
"2023-04-24 07:40:00",10910,16516.09789048721
"2023-04-24 07:50:00",11272,16507.669084821428
"2023-04-24 08:00:00",11651,16498.87888558201
"2023-04-24 08:10:00",12007,16489.575706845237
"2023-04-24 08:20:00",12507,16480.33656442901
"2023-04-24 08:30:00",12786,16470.374069940477
"2023-04-24 08:40:00",13118,16460.632013337745
"2023-04-24 08:50:00",13278,16451.03256241733
"2023-04-24 09:00:00",13292,16441.449673445768
"2023-04-24 09:10:00",13473,16432.70725515322
"2023-04-24 09:20:00",13521,16423.322861552027
"2023-04-24 09:30:00",13631,16414.565755208336
"2023-04-24 09:40:00",13683,16405.63782104277
"2023-04-24 09:50:00",13810,16397.160449046514
"2023-04-24 10:00:00",13973,16388.557167658728
"2023-04-24 10:10:00",14053,16379.523630401232
"2023-04-24 10:20:00",14324,16370.55036100088
"2023-04-24 10:30:00",14800,16362.429460152116
"2023-04-24 10:40:00",15317,16353.76273148148
"2023-04-24 10:50:00",15938,16344.851503940696
"2023-04-24 11:00:00",16800,16335.527550429893
"2023-04-24 11:10:00",17910,16324.870056905864
"2023-04-24 11:20:00",19189,16313.329957561727
"2023-04-24 11:30:00",20727,16301.042627728175
"2023-04-24 11:40:00",22632,16287.808083939595
"2023-04-24 11:50:00",24709,16273.274233217591
"2023-04-24 12:00:00",27010,16256.8351521164
"2023-04-24 12:10:00",29782,16238.96500564925
"2023-04-24 12:20:00",32666,16219.361083553793
"2023-04-24 12:30:00",35692,16198.716745205027
"2023-04-24 12:40:00",38822,16176.856026785717
"2023-04-24 12:50:00",42126,16155.072310405649
"2023-04-24 13:00:00",45536,16131.124131944447
"2023-04-24 13:10:00",48950,16105.123925264552
"2023-04-24 13:20:00",52066,16077.716517857149
"2023-04-24 13:30:00",54498,16049.671358300267
"2023-04-24 13:40:00",57053,16023.46963872355
"2023-04-24 13:50:00",58713,15995.540151014115
"2023-04-24 14:00:00",59617,15967.28120866403
"2023-04-24 14:10:00",60037,15940.740596064823
"2023-04-24 14:20:00",60114,15914.725618661823
"2023-04-24 14:30:00",59619,15889.538349454373
"2023-04-24 14:40:00",58290,15866.474757495598
"2023-04-24 14:50:00",56417,15844.59989183753
"2023-04-24 15:00:00",53734,15825.387690145508
"2023-04-24 15:10:00",49460,15807.292865410056
"2023-04-24 15:20:00",45660,15789.986979166668
"2023-04-24 15:30:00",41835,15764.444547784395
"2023-04-24 15:40:00",37759,15742.246631117729
"2023-04-24 15:50:00",34412,15726.597039654984
"2023-04-24 16:00:00",30888,15712.95287698413
"2023-04-24 16:10:00",27120,15701.838362544095
"2023-04-24 16:20:00",24161,15692.396405147709
"2023-04-24 16:30:00",22023,15685.050564236113
"2023-04-24 16:40:00",20094,15677.952849426809
"2023-04-24 16:50:00",18360,15671.670848489859
"2023-04-24 17:00:00",17134,15667.62262318122
"2023-04-24 17:10:00",16021,15664.050075093695
"2023-04-24 17:20:00",15027,15660.33487654321
"2023-04-24 17:30:00",14303,15656.857390873018
"2023-04-24 17:40:00",13668,15653.477527006175
"2023-04-24 17:50:00",12988,15649.839116925708
"2023-04-24 18:00:00",12390,15646.428447420638
"2023-04-24 18:10:00",11804,15642.542624283513
"2023-04-24 18:20:00",11317,15635.54693011464
"2023-04-24 18:30:00",10828,15624.893280836644
"2023-04-24 18:40:00",10521,15616.40379739859
"2023-04-24 18:50:00",10139,15607.719497492286
"2023-04-24 19:00:00",9716,15599.433903769845
"2023-04-24 19:10:00",9303,15592.55124972443
"2023-04-24 19:20:00",8873,15587.026468805117
"2023-04-24 19:30:00",8585,15583.203238673945
"2023-04-24 19:40:00",8264,15580.986579585544
"2023-04-24 19:50:00",8014,15579.297994516097
"2023-04-24 20:00:00",7740,15578.351851851854
"2023-04-24 20:10:00",7366,15577.963955026458
"2023-04-24 20:20:00",7032,15578.208429783954
"2023-04-24 20:30:00",6787,15578.729910714288
"2023-04-24 20:40:00",6532,15579.115299823636
"2023-04-24 20:50:00",6282,15579.396077904545
"2023-04-24 21:00:00",6064,15579.36441798942
"2023-04-24 21:10:00",5836,15579.715808256176
"2023-04-24 21:20:00",5636,15580.060708774252
"2023-04-24 21:30:00",5437,15580.312003968254
"2023-04-24 21:40:00",5235,15580.504230048504
"2023-04-24 21:50:00",4988,15580.712508267196
"2023-04-24 22:00:00",4776,15580.985243055558
"2023-04-24 22:10:00",4599,15581.70129588294
"2023-04-24 22:20:00",4490,15582.688946759263
"2023-04-24 22:30:00",4350,15560.976448826063
"2023-04-24 22:40:00",4208,15540.101521164026
"2023-04-24 22:50:00",4087,15531.707737406308
"2023-04-24 23:00:00",3941,15531.197110615085
"2023-04-24 23:10:00",3755,15531.415957065701
"2023-04-24 23:20:00",3634,15531.739969135806
"2023-04-24 23:30:00",3620,15532.248480902781
"2023-04-24 23:40:00",3576,15532.914400077165
"2023-04-24 23:50:00",3530,15534.095785796962
"2023-04-25 00:00:00",3502,15535.257936507944
"2023-04-25 00:10:00",3488,15536.509465939158
"2023-04-25 00:20:00",3498,15538.062086640217
"2023-04-25 00:30:00",3511,15540.14452091601
"2023-04-25 00:40:00",3550,15542.918113425932
"2023-04-25 00:50:00",3689,15546.448330026458
"2023-04-25 01:00:00",3663,15549.90569196429
"2023-04-25 01:10:00",3702,15554.585754932765
"2023-04-25 01:20:00",3740,15559.818893298065
"2023-04-25 01:30:00",3834,15566.026661706353
"2023-04-25 01:40:00",3971,15573.202594521608
"2023-04-25 01:50:00",4083,15580.799889081794
"2023-04-25 02:00:00",4200,15589.287078373021
"2023-04-25 02:10:00",4376,15598.551139495155
"2023-04-25 02:20:00",4592,15607.947558421522
"2023-04-25 02:30:00",4750,15618.228515625004
"2023-04-25 02:40:00",4906,15629.580494929458
"2023-04-25 02:50:00",5158,15642.22107859348
"2023-04-25 03:00:00",5281,15655.067418981487
"2023-04-25 03:10:00",5405,15668.900921103399
"2023-04-25 03:20:00",5591,15683.908330577608
"2023-04-25 03:30:00",5728,15699.055472883601
"2023-04-25 03:40:00",5938,15714.590422453708
"2023-04-25 03:50:00",6089,15729.90794477514
"2023-04-25 04:00:00",6297,15745.85813492064
"2023-04-25 04:10:00",6540,15762.949074074077
"2023-04-25 04:20:00",6869,15781.050457451503
"2023-04-25 04:30:00",7070,15800.048001405428
"2023-04-25 04:40:00",7382,15821.514963624344
"2023-04-25 04:50:00",7744,15844.70554659943
"2023-04-25 05:00:00",7981,15868.339823082015
"2023-04-25 05:10:00",8133,15892.461605764995
"2023-04-25 05:20:00",8301,15916.741898148153
"2023-04-25 05:30:00",8519,15940.840742807544
"2023-04-25 05:40:00",8631,15964.539606757062
"2023-04-25 05:50:00",8670,15987.491240217156
"2023-04-25 06:00:00",8763,16010.248098544977
"2023-04-25 06:10:00",8902,16032.805641672181
"2023-04-25 06:20:00",9108,16055.030988205468
"2023-04-25 06:30:00",9272,16077.608651620372
"2023-04-25 06:40:00",9503,16100.026455026456
"2023-04-25 06:50:00",9695,16122.449883570327
"2023-04-25 07:00:00",9857,16145.045882936509
"2023-04-25 07:10:00",10058,16167.778204916227
"2023-04-25 07:20:00",10341,16190.564566798941
"2023-04-25 07:30:00",10629,16213.430131861773
"2023-04-25 07:40:00",10809,16235.940923996914
"2023-04-25 07:50:00",11088,16258.610349840168
"2023-04-25 08:00:00",11393,16281.937251984127
"2023-04-25 08:10:00",11687,16304.83751860119
"2023-04-25 08:20:00",12025,16327.955267581572
"2023-04-25 08:30:00",12277,16350.7603546627
"2023-04-25 08:40:00",12623,16374.306437389772
"2023-04-25 08:50:00",12829,16397.330222800927
"2023-04-25 09:00:00",12941,16420.216517857145
"2023-04-25 09:10:00",13007,16442.28106054343
"2023-04-25 09:20:00",13087,16464.405313051146
"2023-04-25 09:30:00",13141,16486.600591104503
"2023-04-25 09:40:00",13176,16508.367091049386
"2023-04-25 09:50:00",13239,16529.86990534061
"2023-04-25 10:00:00",13366,16551.780381944445
"2023-04-25 10:10:00",13404,16574.37611607143
"2023-04-25 10:20:00",13813,16597.87766617064
"2023-04-25 10:30:00",14153,16620.897538442463
"2023-04-25 10:40:00",14567,16644.559275793654
"2023-04-25 10:50:00",15115,16668.869002838408
"2023-04-25 11:00:00",15744,16694.00861855159
"2023-04-25 11:10:00",16754,16720.848283179017
"2023-04-25 11:20:00",17952,16749.690903328927
"2023-04-25 11:30:00",19347,16780.68139260913
"2023-04-25 11:40:00",21070,16814.604779817022
"2023-04-25 11:50:00",22840,16851.43895364859
"2023-04-25 12:00:00",25010,16892.62169312169
"2023-04-25 12:10:00",27541,16939.081586888227
"2023-04-25 12:20:00",30310,16992.34625771605
"2023-04-25 12:30:00",33217,17051.361555472886
"2023-04-25 12:40:00",36378,17115.52894896385
"2023-04-25 12:50:00",39290,17183.906859705694
"2023-04-25 13:00:00",42413,17257.947544642862
"2023-04-25 13:10:00",45610,17337.03246941138
"2023-04-25 13:20:00",48718,17420.807098765436
"2023-04-25 13:30:00",51511,17509.227141203708
"2023-04-25 13:40:00",53699,17599.269868827163
"2023-04-25 13:50:00",55454,17692.49683090829
"2023-04-25 14:00:00",56722,17788.031870039682
"2023-04-25 14:10:00",57262,17883.776468805114
"2023-04-25 14:20:00",57529,17979.320891203704
"2023-04-25 14:30:00",57323,18074.463944692463
"2023-04-25 14:40:00",56147,18166.900077160495
"2023-04-25 14:50:00",54521,18255.836347415127
"2023-04-25 15:00:00",51821,18337.845899470904
"2023-04-25 15:10:00",47563,18412.242724867727
"2023-04-25 15:20:00",41751,18471.725804673726
"2023-04-25 15:30:00",38443,18534.535838293657
"2023-04-25 15:40:00",35471,18544.51036155203
"2023-04-25 15:50:00",32491,18588.24681712963
"2023-04-25 16:00:00",29415,18627.981150793654
"2023-04-25 16:10:00",26030,18661.71199845679
"2023-04-25 16:20:00",23453,18690.501591435186
"2023-04-25 16:30:00",21320,18714.185577876986
"2023-04-25 16:40:00",19681,18734.213486552027
"2023-04-25 16:50:00",18381,18752.438943314595
"2023-04-25 17:00:00",17144,18767.042100694445
"2023-04-25 17:10:00",16023,18779.423276978614
"2023-04-25 17:20:00",14995,18789.9475308642
"2023-04-25 17:30:00",14162,18799.453993055555
"2023-04-25 17:40:00",13441,18806.81079144621
"2023-04-25 17:50:00",12807,18813.151472249778
"2023-04-25 18:00:00",12064,18818.184110449736
"2023-04-25 18:10:00",10749,18820.744695216046
"2023-04-25 18:20:00",9487,18823.504147376545
"2023-04-25 18:30:00",9331,18829.94094122024
"2023-04-25 18:40:00",8961,18834.51780202822
"2023-04-25 18:50:00",8710,18838.60203441909
"2023-04-25 19:00:00",8600,18842.555307539686
"2023-04-25 19:10:00",8496,18845.799296599427
"2023-04-25 19:20:00",8425,18848.762924382718
"2023-04-25 19:30:00",8427,18851.193514384922
"2023-04-25 19:40:00",8212,18852.374428185627
"2023-04-25 19:50:00",8121,18853.23301435736
"2023-04-25 20:00:00",7954,18853.0851521164
"2023-04-25 20:10:00",7769,18852.599640376982
"2023-04-25 20:20:00",7515,18851.74995866402
"2023-04-25 20:30:00",7231,18850.825303819445
"2023-04-25 20:40:00",6972,18850.02704750882
"2023-04-25 20:50:00",6675,18849.080894510582
"2023-04-25 21:00:00",6497,18848.37669477513
"2023-04-25 21:10:00",6267,18847.511918540564
"2023-04-25 21:20:00",6044,18846.52998236331
"2023-04-25 21:30:00",5832,18845.512535135582
"2023-04-25 21:40:00",5620,18844.263020833332
"2023-04-25 21:50:00",5394,18842.993034887564
"2023-04-25 22:00:00",5261,18841.74565972222
"2023-04-25 22:10:00",5122,18840.572789214064
"2023-04-25 22:20:00",,18824.551663084214
"2023-04-25 22:30:00",,18829.04097428902
"2023-04-25 22:40:00",2562,18840.31492504409
"2023-04-25 22:50:00",4173,18845.54525945216
"2023-04-25 23:00:00",4181,18844.07163525132
"2023-04-25 23:10:00",4014,18841.818876074733
"2023-04-25 23:20:00",3909,18839.743992504405
"2023-04-25 23:30:00",3916,18837.609437003965
"2023-04-25 23:40:00",3938,18835.379264495146
"2023-04-25 23:50:00",3882,18832.689287781082
"2023-04-26 00:00:00",3852,18830.151041666664
"2023-04-26 00:10:00",3882,18827.743568810623
"2023-04-26 00:20:00",4031,18825.358679177683
"2023-04-26 00:30:00",4194,18823.180235201715
"2023-04-26 00:40:00",4353,18821.03435019841
"2023-04-26 00:50:00",4502,18818.808628196643
"2023-04-26 01:00:00",4779,18817.31702628968
"2023-04-26 01:10:00",4986,18815.8953751929
"2023-04-26 01:20:00",5223,18814.950892857138
"2023-04-26 01:30:00",5495,18814.3240224041
"2023-04-26 01:40:00",5723,18813.662016369042
"2023-04-26 01:50:00",6041,18813.255587246465
"2023-04-26 02:00:00",6328,18813.278811177242
"2023-04-26 02:10:00",6561,18813.62598861882
"2023-04-26 02:20:00",7013,18815.144145447524
"2023-04-26 02:30:00",7423,18817.113808283728
"2023-04-26 02:40:00",7850,18819.358658509696
"2023-04-26 02:50:00",8182,18821.30309606481
"2023-04-26 03:00:00",8519,18823.3853339947
"2023-04-26 03:10:00",8865,18825.33369846781
"2023-04-26 03:20:00",9056,18826.454020612873
"2023-04-26 03:30:00",9234,18827.297019675923
"2023-04-26 03:40:00",9437,18827.646191578482
"2023-04-26 03:50:00",9706,18828.211974344133
"2023-04-26 04:00:00",10175,18829.441468253965
"2023-04-26 04:10:00",10642,18830.47816771384
"2023-04-26 04:20:00",11266,18832.180273093032
"2023-04-26 04:30:00",12014,18834.627304480815
"2023-04-26 04:40:00",12670,18836.710262345674
"2023-04-26 04:50:00",13115,18838.062148644174
"2023-04-26 05:00:00",13485,18839.444299768515
"2023-04-26 05:10:00",13690,18840.29181823192
"2023-04-26 05:20:00",13775,18840.399691358023
"2023-04-26 05:30:00",13900,18840.13216145833
"2023-04-26 05:40:00",13904,18839.596939759696
"2023-04-26 05:50:00",13965,18839.534553433637
"2023-04-26 06:00:00",13949,18839.340897817456
"2023-04-26 06:10:00",13985,18839.511274388224
"2023-04-26 06:20:00",14307,18840.67398313492
"2023-04-26 06:30:00",14458,18841.364945023146
"2023-04-26 06:40:00",14694,18842.500771604933
"2023-04-26 06:50:00",14937,18843.50856688161
"2023-04-26 07:00:00",15139,18844.56727430555
"2023-04-26 07:10:00",15326,18845.55633060515
"2023-04-26 07:20:00",15593,18846.703689925038
"2023-04-26 07:30:00",15862,18847.816540591928
"2023-04-26 07:40:00",16135,18849.11593364197
"2023-04-26 07:50:00",16616,18851.445746527774
"2023-04-26 08:00:00",16869,18853.13649140211
"2023-04-26 08:10:00",17317,18855.534215856474
"2023-04-26 08:20:00",17609,18856.983527612425
"2023-04-26 08:30:00",18032,18858.81107390872
"2023-04-26 08:40:00",18241,18859.693369708984
"2023-04-26 08:50:00",18367,18860.397765790338
"2023-04-26 09:00:00",18368,18861.314938822743
"2023-04-26 09:10:00",18438,18862.739049410266
"2023-04-26 09:20:00",18577,18864.395061728384
"2023-04-26 09:30:00",18552,18865.514157572743
"2023-04-26 09:40:00",18574,18866.88600225969
"2023-04-26 09:50:00",18762,18869.052624145712
"2023-04-26 10:00:00",19082,18871.998387896816
"2023-04-26 10:10:00",19256,18874.503361992938
"2023-04-26 10:20:00",19646,18876.485091490293
"2023-04-26 10:30:00",20207,18878.695167824073
"2023-04-26 10:40:00",20826,18880.38649140211
"2023-04-26 10:50:00",21719,18882.915585041883
"2023-04-26 11:00:00",22815,18885.845527447083
"2023-04-26 11:10:00",24352,18889.031670249115
"2023-04-26 11:20:00",26150,18892.06674382716
"2023-04-26 11:30:00",28353,18895.358475942456
"2023-04-26 11:40:00",30958,18898.818335262345
"2023-04-26 11:50:00",33839,18902.96061714616
"2023-04-26 12:00:00",37407,18908.082671957665
"2023-04-26 12:10:00",41618,18913.77323770943
"2023-04-26 12:20:00",45828,18918.623339671518
"2023-04-26 12:30:00",49947,18922.85518973214
"2023-04-26 12:40:00",54366,18927.4347718254
"2023-04-26 12:50:00",58814,18932.88129340278
"2023-04-26 13:00:00",63289,18938.806671626982
"2023-04-26 13:10:00",67628,18943.785118358683
"2023-04-26 13:20:00",71639,18948.50372023809
"2023-04-26 13:30:00",75085,18952.485935433197
"2023-04-26 13:40:00",78004,18956.57127700617
"2023-04-26 13:50:00",80116,18961.362165178565
"2023-04-26 14:00:00",81402,18966.02228009259
"2023-04-26 14:10:00",81819,18970.385750799163
"2023-04-26 14:20:00",81852,18974.95013503087
"2023-04-26 14:30:00",80954,18978.51134672619
"2023-04-26 14:40:00",78837,18982.06272045856
"2023-04-26 14:50:00",75627,18984.158471808863
"2023-04-26 15:00:00",71156,18985.97335896164
"2023-04-26 15:10:00",64698,18988.177155671296
"2023-04-26 15:20:00",59375,19001.69009038801
"2023-04-26 15:30:00",42879,18979.66219204696
"2023-04-26 15:40:00",47682,19029.68855406746
"2023-04-26 15:50:00",43486,19043.30928957231
"2023-04-26 16:00:00",38757,19053.988591269845
"2023-04-26 16:10:00",33967,19064.53289999449
"2023-04-26 16:20:00",30187,19076.366801697535
"2023-04-26 16:30:00",27007,19087.686693948413
"2023-04-26 16:40:00",24665,19098.65007716049
"2023-04-26 16:50:00",22517,19107.43028687169
"2023-04-26 17:00:00",20762,19116.8156208664
"2023-04-26 17:10:00",19226,19125.584049823632
"2023-04-26 17:20:00",18032,19134.34330908289
"2023-04-26 17:30:00",16747,19141.273871527774
"2023-04-26 17:40:00",15757,19148.557050540123
"2023-04-26 17:50:00",14910,19155.507695381395
"2023-04-26 18:00:00",14063,19162.254174933863
"2023-04-26 18:10:00",13317,19171.1090512015
"2023-04-26 18:20:00",12723,19181.909474206353
"2023-04-26 18:30:00",12170,19191.218295304236
"2023-04-26 18:40:00",11601,19199.703317901236
"2023-04-26 18:50:00",11115,19207.63665330137
"2023-04-26 19:00:00",10632,19214.130146329368
"2023-04-26 19:10:00",10223,19220.03657889661
"2023-04-26 19:20:00",9831,19224.8097029321
"2023-04-26 19:30:00",9462,19228.25609705688
"2023-04-26 19:40:00",9063,19231.23717895723
"2023-04-26 19:50:00",8657,19233.4417197145
"2023-04-26 20:00:00",8280,19235.627645502645
"2023-04-26 20:10:00",7952,19237.78009259259
"2023-04-26 20:20:00",7706,19239.619757220018
"2023-04-26 20:30:00",7455,19241.94156125992
"2023-04-26 20:40:00",7192,19244.125468474424
"2023-04-26 20:50:00",6926,19246.295383460092
"2023-04-26 21:00:00",6710,19248.421296296292
"2023-04-26 21:10:00",6467,19250.199222194664
"2023-04-26 21:20:00",6244,19252.099233906523
"2023-04-26 21:30:00",5982,19253.60425967262
"2023-04-26 21:40:00",5750,19254.99844301146
"2023-04-26 21:50:00",5474,19256.231763944
"2023-04-26 22:00:00",5332,19257.645957341265
"2023-04-26 22:10:00",5066,19258.58256172839
"2023-04-26 22:20:00",4878,19276.253906249996
"2023-04-26 22:30:00",4657,19293.23219452711
"2023-04-26 22:40:00",4527,19301.41539902998
"2023-04-26 22:50:00",4386,19303.680882798715
"2023-04-26 23:00:00",4189,19305.3939318783
"2023-04-26 23:10:00",4054,19307.465584352947
"2023-04-26 23:20:00",3919,19308.97598379629
"2023-04-26 23:30:00",3855,19310.226128472215
"2023-04-26 23:40:00",3770,19311.232480434293
"2023-04-26 23:50:00",3752,19312.395619764102
"2023-04-27 00:00:00",3722,19313.47329695766
"2023-04-27 00:10:00",3657,19314.168285659158
"2023-04-27 00:20:00",3748,19314.662216159602
"2023-04-27 00:30:00",3831,19314.589048032394
"2023-04-27 00:40:00",3961,19314.409212411803
"2023-04-27 00:50:00",4071,19313.961006393285
"2023-04-27 01:00:00",4241,19313.065538194438
"2023-04-27 01:10:00",4419,19312.027044064143
"2023-04-27 01:20:00",4602,19310.54475308641
"2023-04-27 01:30:00",4795,19308.698970734113
"2023-04-27 01:40:00",4932,19306.39877507715
"2023-04-27 01:50:00",5228,19304.274036871684
"2023-04-27 02:00:00",5549,19301.781580687817
"2023-04-27 02:10:00",5896,19299.38395612874
"2023-04-27 02:20:00",6270,19296.226782958547
"2023-04-27 02:30:00",6543,19292.174231150788
"2023-04-27 02:40:00",6829,19287.681327160484
"2023-04-27 02:50:00",7030,19282.571180555547
"2023-04-27 03:00:00",7161,19276.9577959656
"2023-04-27 03:10:00",7287,19270.91916404872
"2023-04-27 03:20:00",7369,19264.644166115515
"2023-04-27 03:30:00",7419,19258.03412285052
"2023-04-27 03:40:00",7579,19251.361049107138
"2023-04-27 03:50:00",7810,19244.676322062383
"2023-04-27 04:00:00",8052,19237.031249999996
"2023-04-27 04:10:00",8454,19228.89337384259
"2023-04-27 04:20:00",8842,19219.494591876097
"2023-04-27 04:30:00",9225,19208.768766534387
"2023-04-27 04:40:00",9619,19197.344535383592
"2023-04-27 04:50:00",9956,19185.2307236552
"2023-04-27 05:00:00",10135,19172.527219742056
"2023-04-27 05:10:00",10200,19159.468701774687
"2023-04-27 05:20:00",10245,19146.919945987647
"2023-04-27 05:30:00",10369,19134.691685267848
"2023-04-27 05:40:00",10461,19122.71681409832
"2023-04-27 05:50:00",10557,19110.872127149465
"2023-04-27 06:00:00",10698,19099.72379298941
"2023-04-27 06:10:00",10883,19088.85407366071
"2023-04-27 06:20:00",11080,19077.56423611111
"2023-04-27 06:30:00",11326,19066.8675698578
"2023-04-27 06:40:00",11475,19055.886463844792
"2023-04-27 06:50:00",11685,19045.35674327601
"2023-04-27 07:00:00",11865,19035.131014384915
"2023-04-27 07:10:00",12090,19025.052159115956
"2023-04-27 07:20:00",12348,19014.988067680766
"2023-04-27 07:30:00",12577,19004.77416087962
"2023-04-27 07:40:00",12941,18994.997044477503
"2023-04-27 07:50:00",13283,18984.711478312383
"2023-04-27 08:00:00",13581,18974.39045965607
"2023-04-27 08:10:00",13805,18963.09133184523
"2023-04-27 08:20:00",14043,18951.6004326499
"2023-04-27 08:30:00",14314,18939.260230654752
"2023-04-27 08:40:00",14524,18926.85233410493
"2023-04-27 08:50:00",14777,18914.779772238748
"2023-04-27 09:00:00",14890,18902.818700396812
"2023-04-27 09:10:00",14957,18891.128265542313
"2023-04-27 09:20:00",15004,18879.223930776003
"2023-04-27 09:30:00",15039,18867.45458209324
"2023-04-27 09:40:00",15151,18855.781070877405
"2023-04-27 09:50:00",15370,18843.75836709103
"2023-04-27 10:00:00",15449,18830.172247023795
"2023-04-27 10:10:00",15485,18816.155681630276
"2023-04-27 10:20:00",15738,18802.141610174152
"2023-04-27 10:30:00",15979,18787.099847056867
"2023-04-27 10:40:00",16517,18772.119488536147
"2023-04-27 10:50:00",17114,18755.575555279975
"2023-04-27 11:00:00",17825,18737.563802083325
"2023-04-27 11:10:00",18808,18717.48517760692
"2023-04-27 11:20:00",19985,18695.44324570105
"2023-04-27 11:30:00",21479,18670.610491071428
"2023-04-27 11:40:00",23317,18642.7927620701
"2023-04-27 11:50:00",25267,18611.41310488315
"2023-04-27 12:00:00",27556,18574.76322751322
"2023-04-27 12:10:00",30307,18533.51714409722
"2023-04-27 12:20:00",33298,18487.077036485884
"2023-04-27 12:30:00",36408,18436.145740327374
"2023-04-27 12:40:00",39717,18381.15313602292
"2023-04-27 12:50:00",43099,18320.221888089724
"2023-04-27 13:00:00",46300,18253.23685515872
"2023-04-27 13:10:00",49741,18182.553847001753
"2023-04-27 13:20:00",52933,18108.02777777777
"2023-04-27 13:30:00",55713,18029.90912285052
"2023-04-27 13:40:00",58438,17951.09571345899
"2023-04-27 13:50:00",60419,17870.051421957673
"2023-04-27 14:00:00",61649,17789.181836970896
"2023-04-27 14:10:00",62237,17709.157596863977
"2023-04-27 14:20:00",62511,17631.596278384037
"2023-04-27 14:30:00",62334,17557.62131076389
"2023-04-27 14:40:00",61106,17487.4019510582
"2023-04-27 14:50:00",59266,17425.328503913137
"2023-04-27 15:00:00",56721,17373.69556051587
"2023-04-27 15:10:00",52813,17335.124255952378
"2023-04-27 15:20:00",49270,17309.125881834214
"2023-04-27 15:30:00",45368,17335.0162037037
"2023-04-27 15:40:00",41428,17332.878761574073
"2023-04-27 15:50:00",37842,17335.648558063273
"2023-04-27 16:00:00",34269,17344.216269841272
"2023-04-27 16:10:00",30850,17358.384472828486
"2023-04-27 16:20:00",27826,17374.44480268959
"2023-04-27 16:30:00",25149,17392.273861193782
"2023-04-27 16:40:00",22947,17410.16516479277
"2023-04-27 16:50:00",21406,17429.76740933642
"2023-04-27 17:00:00",19840,17447.759610615074
"2023-04-27 17:10:00",18440,17465.786210317456
"2023-04-27 17:20:00",17142,17481.21472663139
"2023-04-27 17:30:00",16184,17495.99993799603
"2023-04-27 17:40:00",15287,17509.12579916226
"2023-04-27 17:50:00",14472,17521.51747478505
"2023-04-27 18:00:00",13688,17533.278645833336
"2023-04-27 18:10:00",12871,17544.063950203923
"2023-04-27 18:20:00",12218,17553.773981757055
"2023-04-27 18:30:00",11612,17562.915664269178
"2023-04-27 18:40:00",11097,17571.59562389771
"2023-04-27 18:50:00",10547,17579.744144069664
"2023-04-27 19:00:00",10173,17587.911396329364
"2023-04-27 19:10:00",9739,17595.491343557096
"2023-04-27 19:20:00",9315,17602.799506723983
"2023-04-27 19:30:00",8982,17609.88584036045
"2023-04-27 19:40:00",8653,17616.47787836199
"2023-04-27 19:50:00",8431,17623.250919725524
"2023-04-27 20:00:00",8174,17629.619543650795
"2023-04-27 20:10:00",7752,17634.898723407183
"2023-04-27 20:20:00",7608,17640.11241319444
"2023-04-27 20:30:00",7322,17644.684337797615
"2023-04-27 20:40:00",7026,17648.660934744265
"2023-04-27 20:50:00",6782,17652.45968364197
"2023-04-27 21:00:00",6481,17655.69748263889
"2023-04-27 21:10:00",6271,17659.02530106371
"2023-04-27 21:20:00",5984,17661.720127865956
"2023-04-27 21:30:00",5709,17664.46643518518
"2023-04-27 21:40:00",5478,17667.190049052024
"2023-04-27 21:50:00",5260,17669.889598489855
"2023-04-27 22:00:00",5103,17672.409846230155
"2023-04-27 22:10:00",4887,17674.926787092143
"2023-04-27 22:20:00",4703,17677.388137951937
"2023-04-27 22:30:00",4544,17679.91574694113
"2023-04-27 22:40:00",4404,17682.387345679002
"2023-04-27 22:50:00",4301,17684.726159474198
"2023-04-27 23:00:00",4174,17686.98017939814
"2023-04-27 23:10:00",3910,17688.578362681867
"2023-04-27 23:20:00",3769,17690.260361552017
"2023-04-27 23:30:00",3738,17692.04182167658
"2023-04-27 23:40:00",3661,17693.66370425484
"2023-04-27 23:50:00",3619,17695.271966628075
"2023-04-28 00:00:00",3572,17696.893270502635
"2023-04-28 00:10:00",3506,17698.497712742494
"2023-04-28 00:20:00",3514,17699.854628251756
"2023-04-28 00:30:00",3595,17701.376002397476
"2023-04-28 00:40:00",3687,17702.966504078475
"2023-04-28 00:50:00",3774,17704.440186838612
"2023-04-28 01:00:00",3932,17705.924913194438
"2023-04-28 01:10:00",4037,17707.415516148583
"2023-04-28 01:20:00",4194,17708.848600088175
"2023-04-28 01:30:00",4347,17710.374772652107
"2023-04-28 01:40:00",4556,17712.416652888
"2023-04-28 01:50:00",4715,17714.030282049152
"2023-04-28 02:00:00",4952,17715.64525462962
"2023-04-28 02:10:00",5159,17716.894748263883
"2023-04-28 02:20:00",5412,17718.044057264102
"2023-04-28 02:30:00",5698,17719.461805555547
"2023-04-28 02:40:00",5937,17720.772707231034
"2023-04-28 02:50:00",6198,17722.571986607138
"2023-04-28 03:00:00",6426,17724.879526289675
"2023-04-28 03:10:00",6594,17727.508460096993
"2023-04-28 03:20:00",6709,17730.69212962962
"2023-04-28 03:30:00",6786,17734.256272734783
"2023-04-28 03:40:00",6983,17738.284515542324
"2023-04-28 03:50:00",7167,17742.192739335314
"2023-04-28 04:00:00",7335,17745.78968253968
"2023-04-28 04:10:00",7613,17748.543037643296
"2023-04-28 04:20:00",7988,17750.89391121031
"2023-04-28 04:30:00",8437,17753.095341435182
"2023-04-28 04:40:00",8745,17754.624090608464
"2023-04-28 04:50:00",9109,17756.081621334877
"2023-04-28 05:00:00",9332,17757.71686921296
"2023-04-28 05:10:00",9591,17760.37114197531
"2023-04-28 05:20:00",9736,17763.899911816574
"2023-04-28 05:30:00",9850,17768.248387896823
"2023-04-28 05:40:00",9950,17773.38835841049
"2023-04-28 05:50:00",10094,17779.456845238095
"2023-04-28 06:00:00",10169,17786.100239748674
"2023-04-28 06:10:00",10365,17793.424489500663
"2023-04-28 06:20:00",10643,17801.673390652555
"2023-04-28 06:30:00",10901,17809.839988425927
"2023-04-28 06:40:00",11222,17819.18777557319
"2023-04-28 06:50:00",11550,17829.303771219136
"2023-04-28 07:00:00",11740,17839.598338293647
"2023-04-28 07:10:00",11985,17850.425688244046
"2023-04-28 07:20:00",12247,17861.74880125661
"2023-04-28 07:30:00",12516,17873.0580047123
"2023-04-28 07:40:00",12882,17884.603711970896
"2023-04-28 07:50:00",13173,17895.614290536814
"2023-04-28 08:00:00",13424,17906.24247685185
"2023-04-28 08:10:00",13655,17916.851803626545
"2023-04-28 08:20:00",13809,17926.91437940917
"2023-04-28 08:30:00",14066,17936.843998015873
"2023-04-28 08:40:00",14248,17945.92143408289
"2023-04-28 08:50:00",14422,17954.208960262345
"2023-04-28 09:00:00",14625,17962.381076388883
"2023-04-28 09:10:00",14733,17969.859037422837
"2023-04-28 09:20:00",14763,17976.575947971774
"2023-04-28 09:30:00",14737,17982.491836144174
"2023-04-28 09:40:00",14718,17987.493551587293
"2023-04-28 09:50:00",14735,17991.14794491291
"2023-04-28 10:00:00",14840,17994.31646825396
"2023-04-28 10:10:00",15031,17997.39591256062
"2023-04-28 10:20:00",15329,17999.837094907398
"2023-04-28 10:30:00",15684,18001.70197792658
"2023-04-28 10:40:00",16082,18001.870232583766
"2023-04-28 10:50:00",16665,18001.4377445712
"2023-04-28 11:00:00",17367,18000.23999669311
"2023-04-28 11:10:00",18447,17998.786558228607
"2023-04-28 11:20:00",19570,17996.012414572302
"2023-04-28 11:30:00",21017,17992.547960069438
"2023-04-28 11:40:00",22816,17988.40498925264
"2023-04-28 11:50:00",24596,17981.91540936397
"2023-04-28 12:00:00",27122,17975.381448412685
"2023-04-28 12:10:00",29668,17966.318207809734
"2023-04-28 12:20:00",32438,17955.40658068782
"2023-04-28 12:30:00",35572,17943.027302414008
"2023-04-28 12:40:00",38289,17926.396701388876
"2023-04-28 12:50:00",41277,17907.639037009467
"2023-04-28 13:00:00",44385,17887.01760912697
"2023-04-28 13:10:00",47603,17864.748890817893
"2023-04-28 13:20:00",50479,17840.01212522045
"2023-04-28 13:30:00",53300,17814.81498015872
"2023-04-28 13:40:00",55526,17786.046082727065
"2023-04-28 13:50:00",57659,17758.07421874999
"2023-04-28 14:00:00",58991,17729.90513392856
"2023-04-28 14:10:00",60098,17704.18640115189
"2023-04-28 14:20:00",60693,17680.169002149465
"2023-04-28 14:30:00",60697,17656.91589161706
"2023-04-28 14:40:00",60452,17638.68397266314
"2023-04-28 14:50:00",59667,17625.732411541005
"2023-04-28 15:00:00",58270,17619.154658564814
"2023-04-28 15:10:00",56236,17621.448054453263
"2023-04-28 15:20:00",54319,17631.69855048501
"2023-04-28 15:30:00",51796,17648.91838210979
"2023-04-28 15:40:00",48701,17671.71220513669
"2023-04-28 15:50:00",45607,17698.392116539908
"2023-04-28 16:00:00",42214,17726.836309523816
"2023-04-28 16:10:00",38531,17756.72263213735
"2023-04-28 16:20:00",35495,17789.236490024254
"2023-04-28 16:30:00",32695,17822.064112103173
"2023-04-28 16:40:00",30339,17855.634713955027
"2023-04-28 16:50:00",28093,17886.914920221556
"2023-04-28 17:00:00",26395,17917.727079199733
"2023-04-28 17:10:00",24320,17944.91801697531
"2023-04-28 17:20:00",22451,17970.586033950614
"2023-04-28 17:30:00",20876,17994.77737475198
"2023-04-28 17:40:00",19722,18018.3516796186
"2023-04-28 17:50:00",18645,18040.500403025788
"2023-04-28 18:00:00",17648,18061.511326058197
"2023-04-28 18:10:00",16572,18080.709545855374
"2023-04-28 18:20:00",15812,18099.630442570546
"2023-04-28 18:30:00",15005,18117.17787905092
"2023-04-28 18:40:00",14407,18134.3129409171
"2023-04-28 18:50:00",13741,18150.72312472442
"2023-04-28 19:00:00",13219,18166.401909722215
"2023-04-28 19:10:00",12745,18181.483110807974
"2023-04-28 19:20:00",12215,18195.842096560842
"2023-04-28 19:30:00",11648,18209.21675553902
"2023-04-28 19:40:00",11161,18221.941454475305
"2023-04-28 19:50:00",10671,18233.446631806655
"2023-04-28 20:00:00",10186,18244.02612433862
"2023-04-28 20:10:00",9624,18253.768025931433
"2023-04-28 20:20:00",9322,18262.81070188492
"2023-04-28 20:30:00",8890,18270.84595114087
"2023-04-28 20:40:00",8514,18278.774236662255
"2023-04-28 20:50:00",8198,18286.244622878083
"2023-04-28 21:00:00",7889,18293.44155092592
"2023-04-28 21:10:00",7558,18299.91409350198
"2023-04-28 21:20:00",7307,18306.443176807756
"2023-04-28 21:30:00",7027,18312.755322007266
"2023-04-28 21:40:00",6720,18318.59843474426
"2023-04-28 21:50:00",6466,18324.218794780638
"2023-04-28 22:00:00",6249,18329.59809027777
"2023-04-28 22:10:00",6013,18334.568703841484
"2023-04-28 22:20:00",5776,18339.562272652107
"2023-04-28 22:30:00",5614,18344.605448082002
"2023-04-28 22:40:00",5386,18349.10510361551
"2023-04-28 22:50:00",5170,18353.215921930107
"2023-04-28 23:00:00",4994,18357.37820353835
"2023-04-28 23:10:00",4767,18361.63548900462
"2023-04-28 23:20:00",4619,18365.822021053784
"2023-04-28 23:30:00",4528,18369.783420138883
"2023-04-28 23:40:00",4479,18374.047811948847
"2023-04-28 23:50:00",4465,18378.53008570326
"2023-04-29 00:00:00",4416,18382.934689153437
"2023-04-29 00:10:00",4377,18387.4376860119
"2023-04-29 00:20:00",4444,18392.241222993824
"2023-04-29 00:30:00",4599,18397.327401620365
"2023-04-29 00:40:00",4685,18402.212990520275
"2023-04-29 00:50:00",4794,18407.281470458554
"2023-04-29 01:00:00",5051,18412.884424603173
"2023-04-29 01:10:00",5174,18418.2543575011
"2023-04-29 01:20:00",5417,18424.295965608464
"2023-04-29 01:30:00",5651,18430.78436053241
"2023-04-29 01:40:00",5900,18437.422674162255
"2023-04-29 01:50:00",6173,18444.39205109127
"2023-04-29 02:00:00",6476,18451.461929563488
"2023-04-29 02:10:00",6813,18459.00522900132
"2023-04-29 02:20:00",7144,18466.70035548941
"2023-04-29 02:30:00",7462,18474.5132688492
"2023-04-29 02:40:00",7791,18482.686728395056
"2023-04-29 02:50:00",8100,18490.857580329583
"2023-04-29 03:00:00",8386,18499.071697255284
"2023-04-29 03:10:00",8702,18507.885692239848
"2023-04-29 03:20:00",8915,18516.85441468253
"2023-04-29 03:30:00",9105,18526.465319113748
"2023-04-29 03:40:00",9331,18536.078531470448
"2023-04-29 03:50:00",9516,18545.565080054002
"2023-04-29 04:00:00",9573,18554.591765873007
"2023-04-29 04:10:00",9740,18563.167276372347
"2023-04-29 04:20:00",9983,18571.258287863748
"2023-04-29 04:30:00",10327,18579.033275462956
"2023-04-29 04:40:00",10581,18586.6844273589
"2023-04-29 04:50:00",10952,18594.705787725965
"2023-04-29 05:00:00",11264,18603.117042824073
"2023-04-29 05:10:00",11690,18612.53946552579
"2023-04-29 05:20:00",12133,18623.248236331565
"2023-04-29 05:30:00",12512,18634.907335069445
"2023-04-29 05:40:00",12870,18647.94399663801
"2023-04-29 05:50:00",13308,18662.39268835428
"2023-04-29 06:00:00",13609,18677.640046296296
"2023-04-29 06:10:00",14019,18694.127266589505
"2023-04-29 06:20:00",14262,18710.549486055996
"2023-04-29 06:30:00",14697,18727.899863591272
"2023-04-29 06:40:00",15128,18745.542328042327
"2023-04-29 06:50:00",15513,18763.36036706349
"2023-04-29 07:00:00",15868,18781.9164186508
"2023-04-29 07:10:00",16288,18801.29386091821
"2023-04-29 07:20:00",16500,18819.992283950618
"2023-04-29 07:30:00",16858,18839.52027529762
"2023-04-29 07:40:00",17121,18858.382633377427
"2023-04-29 07:50:00",17356,18877.049720293213
"2023-04-29 08:00:00",17601,18895.817708333336
"2023-04-29 08:10:00",17771,18914.3975349978
"2023-04-29 08:20:00",17909,18932.876095403444
"2023-04-29 08:30:00",17920,18950.276909722226
"2023-04-29 08:40:00",17949,18967.176463293654
"2023-04-29 08:50:00",17965,18983.33777695106
"2023-04-29 09:00:00",17877,18998.054460152118
"2023-04-29 09:10:00",17752,19011.660438712523
"2023-04-29 09:20:00",17597,19024.418209876545
"2023-04-29 09:30:00",17446,19036.744998346563
"2023-04-29 09:40:00",17252,19048.220871913578
"2023-04-29 09:50:00",17069,19058.916108630954
"2023-04-29 10:00:00",16927,19068.249627976187
"2023-04-29 10:10:00",16835,19075.974657600305
"2023-04-29 10:20:00",16771,19081.935763888883
"2023-04-29 10:30:00",16735,19085.700779183193
"2023-04-29 10:40:00",16945,19088.32115299823
"2023-04-29 10:50:00",17274,19089.22562210647
"2023-04-29 11:00:00",17747,19088.81650958994
"2023-04-29 11:10:00",18440,19086.445498511894
"2023-04-29 11:20:00",19388,19082.75731646825
"2023-04-29 11:30:00",20652,19077.641090029756
"2023-04-29 11:40:00",21867,19068.837535824514
"2023-04-29 11:50:00",23282,19058.28085386353
"2023-04-29 12:00:00",25207,19044.928240740737
"2023-04-29 12:10:00",27417,19029.46047247023
"2023-04-29 12:20:00",29624,19011.297212577156
"2023-04-29 12:30:00",32111,18990.038659474198
"2023-04-29 12:40:00",34647,18967.642168209873
"2023-04-29 12:50:00",37101,18942.273833636456
"2023-04-29 13:00:00",39945,18915.69060019841
"2023-04-29 13:10:00",42743,18886.332127700614
"2023-04-29 13:20:00",45386,18855.022872574955
"2023-04-29 13:30:00",47663,18820.547774057533
"2023-04-29 13:40:00",49941,18785.79325810185
"2023-04-29 13:50:00",51842,18749.192959793872
"2023-04-29 14:00:00",53268,18712.00008267196
"2023-04-29 14:10:00",54496,18675.572265625
"2023-04-29 14:20:00",55084,18638.615210262345
"2023-04-29 14:30:00",55406,18604.017175099212
"2023-04-29 14:40:00",55461,18570.75534611994
"2023-04-29 14:50:00",55229,18540.028249696872
"2023-04-29 15:00:00",54182,18510.551525297626
"2023-04-29 15:10:00",52539,18483.317112406312
"2023-04-29 15:20:00",51027,18458.296406525584
"2023-04-29 15:30:00",49217,18436.175708912044
"2023-04-29 15:40:00",46761,18417.341752094366
"2023-04-29 15:50:00",44011,18400.98757853837
"2023-04-29 16:00:00",41532,18390.38814484128
"2023-04-29 16:10:00",38812,18384.442353532853
"2023-04-29 16:20:00",36064,18380.343660438717
"2023-04-29 16:30:00",33760,18379.61065641535
"2023-04-29 16:40:00",31644,18380.820987654326
"2023-04-29 16:50:00",29418,18382.534305417772
"2023-04-29 17:00:00",27426,18383.775938326722
"2023-04-29 17:10:00",25672,18387.38752480159
"2023-04-29 17:20:00",24217,18393.095017636686
"2023-04-29 17:30:00",22811,18399.938151041668
"2023-04-29 17:40:00",21535,18406.54688877866
"2023-04-29 17:50:00",20366,18413.137755594136
"2023-04-29 18:00:00",19099,18418.723751653437
"2023-04-29 18:10:00",18084,18425.474788497577
"2023-04-29 18:20:00",17126,18431.870549492945
"2023-04-29 18:30:00",16292,18438.55955481151
"2023-04-29 18:40:00",15603,18444.94708994709
"2023-04-29 18:50:00",14895,18450.985005373677
"2023-04-29 19:00:00",14208,18455.869357638887
"2023-04-29 19:10:00",13628,18460.174610063932
"2023-04-29 19:20:00",13100,18464.479152888005
"2023-04-29 19:30:00",12539,18468.84758391204
"2023-04-29 19:40:00",12022,18473.129023368605
"2023-04-29 19:50:00",11549,18477.629936204805
"2023-04-29 20:00:00",10972,18481.468253968254
"2023-04-29 20:10:00",10400,18485.318721064814
"2023-04-29 20:20:00",9952,18488.791459986773
"2023-04-29 20:30:00",9608,18492.72978670635
"2023-04-29 20:40:00",9174,18496.37895447531
"2023-04-29 20:50:00",8765,18499.917565724205
"2023-04-29 21:00:00",8377,18503.189070767192
"2023-04-29 21:10:00",8006,18506.41194058642
"2023-04-29 21:20:00",7678,18509.376929012345
"2023-04-29 21:30:00",7342,18511.927703373018
"2023-04-29 21:40:00",7007,18514.150965884037
"2023-04-29 21:50:00",6758,18516.386336392196
"2023-04-29 22:00:00",6415,18517.844370039675
"2023-04-29 22:10:00",6274,18519.87410094246
"2023-04-29 22:20:00",6059,18521.580288249555
"2023-04-29 22:30:00",5833,18523.005787037036
"2023-04-29 22:40:00",5643,18524.562830687828
"2023-04-29 22:50:00",5528,18526.574580439818
"2023-04-29 23:00:00",5325,18528.37256117725
"2023-04-29 23:10:00",5081,18530.14515128969
"2023-04-29 23:20:00",4946,18531.933793540567
"2023-04-29 23:30:00",4924,18533.95328000993
"2023-04-29 23:40:00",4911,18536.102189429017
"2023-04-29 23:50:00",4869,18537.926346175052
"2023-04-30 00:00:00",4811,18539.72991071429
"2023-04-30 00:10:00",4787,18541.53905561068
"2023-04-30 00:20:00",4836,18543.232246197094
"2023-04-30 00:30:00",4921,18544.61081142527
"2023-04-30 00:40:00",5039,18546.189263668435
"2023-04-30 00:50:00",5185,18547.89588155865
"2023-04-30 01:00:00",5317,18548.894841269845
"2023-04-30 01:10:00",5553,18550.48679315477
"2023-04-30 01:20:00",5829,18552.18854717814
"2023-04-30 01:30:00",6050,18553.711826223556
"2023-04-30 01:40:00",6228,18554.83723958334
"2023-04-30 01:50:00",6422,18555.804997519852
"2023-04-30 02:00:00",6681,18556.659722222226
"2023-04-30 02:10:00",6937,18557.16372836751
"2023-04-30 02:20:00",7254,18557.72672784392
"2023-04-30 02:30:00",7552,18558.21155753969
"2023-04-30 02:40:00",7790,18558.243551587308
"2023-04-30 02:50:00",8008,18557.898113701507
"2023-04-30 03:00:00",8265,18557.289744543654
"2023-04-30 03:10:00",8462,18556.017915702163
"2023-04-30 03:20:00",8724,18555.11060130071
"2023-04-30 03:30:00",8856,18553.629164599868
"2023-04-30 03:40:00",9022,18551.831383653
"2023-04-30 03:50:00",9214,18549.985249944886
"2023-04-30 04:00:00",9282,18548.007936507936
"2023-04-30 04:10:00",9485,18546.159308862432
"2023-04-30 04:20:00",9784,18544.499807098764
"2023-04-30 04:30:00",10170,18543.05366443452
"2023-04-30 04:40:00",10556,18541.991154100528
"2023-04-30 04:50:00",10918,18540.684062224427
"2023-04-30 05:00:00",11331,18539.8619171627
"2023-04-30 05:10:00",11730,18538.864359430117
"2023-04-30 05:20:00",12068,18537.517526455027
"2023-04-30 05:30:00",12528,18536.81228298611
"2023-04-30 05:40:00",12914,18536.060433201063
"2023-04-30 05:50:00",13253,18535.027484981263
"2023-04-30 06:00:00",13657,18534.46519510582
"2023-04-30 06:10:00",14095,18533.964595734124
"2023-04-30 06:20:00",14381,18533.446676587293
"2023-04-30 06:30:00",14721,18532.611855158724
"2023-04-30 06:40:00",15107,18531.736111111106
"2023-04-30 06:50:00",15477,18530.853050595237
"2023-04-30 07:00:00",15832,18530.068266369046
"2023-04-30 07:10:00",16052,18528.29359567901
"2023-04-30 07:20:00",16428,18527.6563188933
"2023-04-30 07:30:00",16691,18526.41711102844
"2023-04-30 07:40:00",16966,18525.242394179895
"2023-04-30 07:50:00",17242,18524.373673804013
"2023-04-30 08:00:00",17512,18523.50958994709
"2023-04-30 08:10:00",17658,18522.398103367508
"2023-04-30 08:20:00",17802,18521.246107528663
"2023-04-30 08:30:00",17884,18520.40522693453
"2023-04-30 08:40:00",17895,18519.581211419758
"2023-04-30 08:50:00",17852,18518.673239087304
"2023-04-30 09:00:00",17735,18517.778790509266
"2023-04-30 09:10:00",17600,18517.026765046303
"2023-04-30 09:20:00",17496,18516.4966931217
"2023-04-30 09:30:00",17316,18515.613177910058
"2023-04-30 09:40:00",17172,18514.931278935193
"2023-04-30 09:50:00",16885,18513.468092069008
"2023-04-30 10:00:00",16605,18511.41567460318
"2023-04-30 10:10:00",16464,18509.26193576389
"2023-04-30 10:20:00",16225,18506.234333664026
"2023-04-30 10:30:00",16065,18502.68143394511
"2023-04-30 10:40:00",16037,18498.106949955913
"2023-04-30 10:50:00",16251,18492.930266203704
"2023-04-30 11:00:00",16644,18487.301339285717
"2023-04-30 11:10:00",17115,18480.268332506617
"2023-04-30 11:20:00",17809,18472.178144290127
"2023-04-30 11:30:00",18644,18461.93402777778
"2023-04-30 11:40:00",19828,18451.605055390217
"2023-04-30 11:50:00",21235,18441.149698247358
"2023-04-30 12:00:00",22918,18429.194279100535
"2023-04-30 12:10:00",25091,18416.794615299827
"2023-04-30 12:20:00",27259,18404.039276069227
"2023-04-30 12:30:00",29620,18390.38780381945
"2023-04-30 12:40:00",31946,18375.229841820998
"2023-04-30 12:50:00",34410,18359.859171764776
"2023-04-30 13:00:00",36901,18342.092757936516
"2023-04-30 13:10:00",39326,18322.053350970025
"2023-04-30 13:20:00",41698,18300.519042107593
"2023-04-30 13:30:00",43752,18277.692139963634
"2023-04-30 13:40:00",45700,18253.21879822532
"2023-04-30 13:50:00",47152,18226.023041363547
"2023-04-30 14:00:00",48669,18199.507647156093
"2023-04-30 14:10:00",49681,18171.63962260252
"2023-04-30 14:20:00",50656,18145.814056988547
"2023-04-30 14:30:00",50950,18119.21803695438
"2023-04-30 14:40:00",50981,18092.90200617285
"2023-04-30 14:50:00",50575,18065.531153549397
"2023-04-30 15:00:00",49707,18039.17464451059
"2023-04-30 15:10:00",48200,18013.38081459437
"2023-04-30 15:20:00",46483,17986.445216049393
"2023-04-30 15:30:00",44792,17960.476376488106
"2023-04-30 15:40:00",42713,17936.68461337082
"2023-04-30 15:50:00",40604,17916.253437775584
"2023-04-30 16:00:00",38167,17896.305555555562
"2023-04-30 16:10:00",35655,17877.50565613978
"2023-04-30 16:20:00",33356,17861.10192763449
"2023-04-30 16:30:00",31405,17846.873749586648
"2023-04-30 16:40:00",29462,17833.603725749566
"2023-04-30 16:50:00",27641,17822.73249421297
"2023-04-30 17:00:00",26025,17814.037099041012
"2023-04-30 17:10:00",24323,17805.521797839516
"2023-04-30 17:20:00",23010,17797.99889770724
"2023-04-30 17:30:00",21751,17790.899460565488
"2023-04-30 17:40:00",20657,17784.96703455689
"2023-04-30 17:50:00",19607,17779.640738673952
"2023-04-30 18:00:00",18733,17776.436590608475
"2023-04-30 18:10:00",17981,17774.396325920425
"2023-04-30 18:20:00",17212,17773.04894868828
"2023-04-30 18:30:00",16435,17771.737661210325
"2023-04-30 18:40:00",15674,17769.859705687843
"2023-04-30 18:50:00",14794,17767.066688712526
"2023-04-30 19:00:00",14070,17764.389880952385
"2023-04-30 19:10:00",13482,17761.889763833777
"2023-04-30 19:20:00",12967,17759.399016203704
"2023-04-30 19:30:00",12429,17756.78797743056
"2023-04-30 19:40:00",11973,17754.57137345679
"2023-04-30 19:50:00",11394,17751.82334036045
"2023-04-30 20:00:00",10842,17749.47056878307
"2023-04-30 20:10:00",10418,17748.08044325948
"2023-04-30 20:20:00",9988,17746.68148561508
"2023-04-30 20:30:00",9637,17745.312934027777
"2023-04-30 20:40:00",9359,17744.78327546296
"2023-04-30 20:50:00",9002,17744.42751047178
"2023-04-30 21:00:00",8681,17744.4947296627
"2023-04-30 21:10:00",8363,17744.87500688933
"2023-04-30 21:20:00",7967,17744.8195271164
"2023-04-30 21:30:00",7540,17744.296575314154
"2023-04-30 21:40:00",7199,17744.01201499118
"2023-04-30 21:50:00",6870,17743.325834297837
"2023-04-30 22:00:00",6580,17743.046254960314
"2023-04-30 22:10:00",6234,17741.838272982804
"2023-04-30 22:20:00",6032,17740.962232694
"2023-04-30 22:30:00",5780,17739.945560515873
"2023-04-30 22:40:00",5572,17738.87555114639
"2023-04-30 22:50:00",5416,17737.520278742286
"2023-04-30 23:00:00",5239,17736.332320601854
"2023-04-30 23:10:00",4971,17735.055083636467
"2023-04-30 23:20:00",4784,17733.656856261026
"2023-04-30 23:30:00",4738,17732.406436011912
"2023-04-30 23:40:00",4632,17730.608059138012
"2023-04-30 23:50:00",4599,17728.94581542108
"2023-05-01 00:00:00",4506,17726.994295634926
"2023-05-01 00:10:00",4466,17725.07540027007
"2023-05-01 00:20:00",4526,17723.14579888669
"2023-05-01 00:30:00",4630,17721.235098379635
"2023-05-01 00:40:00",4720,17719.104855599653
"2023-05-01 00:50:00",4817,17716.750785383607
"2023-05-01 01:00:00",4966,17714.601004464294
"2023-05-01 01:10:00",5174,17712.297591490307
"2023-05-01 01:20:00",5391,17709.5987654321
"2023-05-01 01:30:00",5585,17706.641968419317
"2023-05-01 01:40:00",5874,17704.197041721785
"2023-05-01 01:50:00",6117,17701.90108989198
"2023-05-01 02:00:00",6398,17699.656622023813
"2023-05-01 02:10:00",6716,17697.722280781534
"2023-05-01 02:20:00",7042,17695.78718171297
"2023-05-01 02:30:00",7337,17693.845920138898
"2023-05-01 02:40:00",7610,17692.186563051157
"2023-05-01 02:50:00",7768,17690.15217496143
"2023-05-01 03:00:00",7987,17688.055204199743
"2023-05-01 03:10:00",8245,17686.29428116734
"2023-05-01 03:20:00",8363,17683.59510030865
"2023-05-01 03:30:00",8485,17680.965732473556
"2023-05-01 03:40:00",8609,17678.19497492285
"2023-05-01 03:50:00",8707,17675.010185874125
"2023-05-01 04:00:00",8749,17671.667658730166
"2023-05-01 04:10:00",8906,17668.156029541457
"2023-05-01 04:20:00",9206,17664.676222167116
"2023-05-01 04:30:00",9452,17660.31687127977
"2023-05-01 04:40:00",9734,17655.604497354507
"2023-05-01 04:50:00",10084,17651.023895640443
"2023-05-01 05:00:00",10473,17646.399222883603
"2023-05-01 05:10:00",10958,17642.266561948858
"2023-05-01 05:20:00",11415,17638.75939704586
"2023-05-01 05:30:00",11777,17634.6650545635
"2023-05-01 05:40:00",12270,17631.168065200618
"2023-05-01 05:50:00",12584,17627.393380731926
"2023-05-01 06:00:00",12945,17623.481481481478
"2023-05-01 06:10:00",13260,17618.978119488533
"2023-05-01 06:20:00",13625,17615.072510196205
"2023-05-01 06:30:00",14058,17611.795417906742
"2023-05-01 06:40:00",14477,17608.531084656082
"2023-05-01 06:50:00",14896,17605.48935943011
"2023-05-01 07:00:00",15257,17602.426649305555
"2023-05-01 07:10:00",15639,17600.260271990734
"2023-05-01 07:20:00",15949,17597.751984126982
"2023-05-01 07:30:00",16213,17595.33364335317
"2023-05-01 07:40:00",16539,17593.267113095237
"2023-05-01 07:50:00",16750,17590.866591572973
"2023-05-01 08:00:00",16952,17588.217179232808
"2023-05-01 08:10:00",17059,17585.25923514661
"2023-05-01 08:20:00",17176,17582.455343364203
"2023-05-01 08:30:00",17313,17579.793433779763
"2023-05-01 08:40:00",17436,17577.893738977076
"2023-05-01 08:50:00",17477,17576.313409391536
"2023-05-01 09:00:00",17462,17575.277695105822
"2023-05-01 09:10:00",17307,17573.95576705798
"2023-05-01 09:20:00",17092,17572.165950176368
"2023-05-01 09:30:00",16883,17570.282986111113
"2023-05-01 09:40:00",16602,17567.65337714947
"2023-05-01 09:50:00",16374,17565.41238839286
"2023-05-01 10:00:00",16173,17563.501240079364
"2023-05-01 10:10:00",16041,17561.620490933645
"2023-05-01 10:20:00",15860,17560.110635747355
"2023-05-01 10:30:00",15805,17559.284742890213
"2023-05-01 10:40:00",15771,17558.615354938273
"2023-05-01 10:50:00",15964,17558.202835648146
"2023-05-01 11:00:00",16213,17557.070333167983
"2023-05-01 11:10:00",16819,17557.141086585092
"2023-05-01 11:20:00",17540,17557.360931988533
"2023-05-01 11:30:00",18422,17557.92230902777
"2023-05-01 11:40:00",19566,17558.376432980593
"2023-05-01 11:50:00",20837,17558.174599729933
"2023-05-01 12:00:00",22387,17557.23611111111
"2023-05-01 12:10:00",24481,17556.170572916664
"2023-05-01 12:20:00",26518,17554.233190035273
"2023-05-01 12:30:00",28649,17551.144210896167
"2023-05-01 12:40:00",30835,17547.352223875663
"2023-05-01 12:50:00",32983,17541.86382206239
"2023-05-01 13:00:00",35284,17535.607204861113
"2023-05-01 13:10:00",37661,17529.322389632936
"2023-05-01 13:20:00",39961,17522.82842813051
"2023-05-01 13:30:00",42055,17516.454912781082
"2023-05-01 13:40:00",43786,17509.099667934308
"2023-05-01 13:50:00",45367,17502.632960620587
"2023-05-01 14:00:00",46762,17495.403811177242
"2023-05-01 14:10:00",47808,17488.530406057096
"2023-05-01 14:20:00",48439,17479.575155698854
"2023-05-01 14:30:00",48971,17471.966858878972
"2023-05-01 14:40:00",48925,17463.33261684304
"2023-05-01 14:50:00",48578,17455.00113673942
"2023-05-01 15:00:00",47638,17445.888082837308
"2023-05-01 15:10:00",46096,17436.32036072531
"2023-05-01 15:20:00",44588,17427.758198302472
"2023-05-01 15:30:00",43031,17419.53791542659
"2023-05-01 15:40:00",40975,17410.84470761685
"2023-05-01 15:50:00",39025,17402.88176187721
"2023-05-01 16:00:00",36632,17394.744295634926
"2023-05-01 16:10:00",34158,17386.819909474212
"2023-05-01 16:20:00",32057,17379.362957451503
"2023-05-01 16:30:00",30142,17371.687572337967
"2023-05-01 16:40:00",28367,17364.726548721344
"2023-05-01 16:50:00",26671,17358.485859650576
"2023-05-01 17:00:00",25003,17351.89852017196
"2023-05-01 17:10:00",23448,17346.30498718585
"2023-05-01 17:20:00",21933,17339.50132275132
"2023-05-01 17:30:00",20799,17333.52455357143
"2023-05-01 17:40:00",19694,17327.20027970679
"2023-05-01 17:50:00",18678,17320.92023533951
"2023-05-01 18:00:00",17673,17313.730820105822
"2023-05-01 18:10:00",16739,17305.49540137236
"2023-05-01 18:20:00",15808,17296.3474013448
"2023-05-01 18:30:00",14913,17286.765211640213
"2023-05-01 18:40:00",14140,17277.318039021167
"2023-05-01 18:50:00",13440,17268.93200231482
"2023-05-01 19:00:00",12842,17261.37034970238
"2023-05-01 19:10:00",12214,17253.431361607145
"2023-05-01 19:20:00",11549,17244.645943562613
"2023-05-01 19:30:00",11049,17236.19176793982
"2023-05-01 19:40:00",10605,17227.79099151235
"2023-05-01 19:50:00",10180,17220.26741278109
"2023-05-01 20:00:00",9732,17213.320601851854
"2023-05-01 20:10:00",9240,17205.920073440262
"2023-05-01 20:20:00",8846,17198.80049878748
"2023-05-01 20:30:00",8497,17191.656622023816
"2023-05-01 20:40:00",8151,17184.019786155208
"2023-05-01 20:50:00",7829,17176.56208664022
"2023-05-01 21:00:00",7521,17169.23358961641
"2023-05-01 21:10:00",7151,17161.63351176698
"2023-05-01 21:20:00",6759,17154.04254850089
"2023-05-01 21:30:00",6493,17147.44409308863
"2023-05-01 21:40:00",6162,17140.850157076726
"2023-05-01 21:50:00",5905,17134.847466793435
"2023-05-01 22:00:00",5713,17129.405877976198
"2023-05-01 22:10:00",5527,17124.920293898816
"2023-05-01 22:20:00",5321,17114.603057484575
"2023-05-01 22:30:00",5093,17108.997075479503
"2023-05-01 22:40:00",4841,17104.318562610235
"2023-05-01 22:50:00",4700,17099.92621872245
"2023-05-01 23:00:00",4545,17095.671937003975
"2023-05-01 23:10:00",4374,17091.980561755958
"2023-05-01 23:20:00",4360,17089.27747464727
"2023-05-01 23:30:00",4282,17086.31684027778
"2023-05-01 23:40:00",4231,17083.700982418435
"2023-05-01 23:50:00",4133,17080.629254161162
"2023-05-02 00:00:00",4115,17078.062086640217
"2023-05-02 00:10:00",4030,17075.239138971567
"2023-05-02 00:20:00",4036,17072.157152502205
"2023-05-02 00:30:00",4095,17068.829592427253
"2023-05-02 00:40:00",4210,17065.647472993827
"2023-05-02 00:50:00",4379,17062.86340525794
"2023-05-02 01:00:00",4526,17060.070932539682
"2023-05-02 01:10:00",4684,17056.99548404431
"2023-05-02 01:20:00",4828,17053.446318342154
"2023-05-02 01:30:00",4964,17049.54812541336
"2023-05-02 01:40:00",5176,17045.24642443783
"2023-05-02 01:50:00",5373,17040.678433641973
"2023-05-02 02:00:00",5635,17036.003182870372
"2023-05-02 02:10:00",5918,17031.04335455247
"2023-05-02 02:20:00",6248,17025.999324845678
"2023-05-02 02:30:00",6601,17021.1673797123
"2023-05-02 02:40:00",6839,17016.063657407405
"2023-05-02 02:50:00",7090,17011.52549052028
"2023-05-02 03:00:00",7310,17006.971498842595
"2023-05-02 03:10:00",7463,17001.811125578704
"2023-05-02 03:20:00",7662,16997.109457671962
"2023-05-02 03:30:00",7841,16992.758008845904
"2023-05-02 03:40:00",8030,16988.694912918876
"2023-05-02 03:50:00",8117,16984.511536182763
"2023-05-02 04:00:00",8214,16980.681547619057
"2023-05-02 04:10:00",8389,16976.92062114198
"2023-05-02 04:20:00",8612,16972.724295910502
"2023-05-02 04:30:00",9005,16969.419332837308
"2023-05-02 04:40:00",9423,16966.872988315703
"2023-05-02 04:50:00",9835,16964.625013778663
"2023-05-02 05:00:00",10241,16962.508101851858
"2023-05-02 05:10:00",10710,16960.3529954806
"2023-05-02 05:20:00",11135,16957.96392746914
"2023-05-02 05:30:00",11506,16955.655567956346
"2023-05-02 05:40:00",11904,16952.834807649917
"2023-05-02 05:50:00",12288,16950.543823026896
"2023-05-02 06:00:00",12710,16948.66546792329
"2023-05-02 06:10:00",13141,16947.440675981044
"2023-05-02 06:20:00",13590,16946.779148754413
"2023-05-02 06:30:00",13908,16945.48068576389
"2023-05-02 06:40:00",14296,16944.188712522046
"2023-05-02 06:50:00",14679,16942.695247051364
"2023-05-02 07:00:00",15043,16941.21013144841
"2023-05-02 07:10:00",15442,16939.839061811064
"2023-05-02 07:20:00",15813,16938.859016754846
"2023-05-02 07:30:00",16128,16938.128255208332
"2023-05-02 07:40:00",16474,16937.467496141973
"2023-05-02 07:50:00",16778,16937.30413979828
"2023-05-02 08:00:00",16917,16936.7748015873
"2023-05-02 08:10:00",17244,16937.570377948636
"2023-05-02 08:20:00",17248,16937.59730489418
"2023-05-02 08:30:00",17489,16938.452287946428
"2023-05-02 08:40:00",17509,16938.57395006614
"2023-05-02 08:50:00",17536,16938.6135947145
"2023-05-02 09:00:00",17396,16937.902447089946
"2023-05-02 09:10:00",17351,16937.965770364855
"2023-05-02 09:20:00",17188,16938.34424603174
"2023-05-02 09:30:00",16994,16938.842974950392
"2023-05-02 09:40:00",16760,16939.576395778215
"2023-05-02 09:50:00",16454,16939.840529238314
"2023-05-02 10:00:00",16241,16940.192708333332
"2023-05-02 10:10:00",16146,16940.7749290399
"2023-05-02 10:20:00",16039,16941.7376818783
"2023-05-02 10:30:00",16127,16943.638940558856
"2023-05-02 10:40:00",16374,16947.199377204575
"2023-05-02 10:50:00",16636,16951.011594742053
"2023-05-02 11:00:00",17224,16956.846643518507
"2023-05-02 11:10:00",17835,16962.592592592584
"2023-05-02 11:20:00",18621,16968.895516424156
"2023-05-02 11:30:00",19598,16975.84204489087
"2023-05-02 11:40:00",20831,16983.33581349206
"2023-05-02 11:50:00",22119,16991.049668623233
"2023-05-02 12:00:00",23919,17000.359126984124
"2023-05-02 12:10:00",25922,17009.207565173052
"2023-05-02 12:20:00",28080,17018.967640817893
"2023-05-02 12:30:00",30290,17029.486514136897
"2023-05-02 12:40:00",32556,17040.6921709656
"2023-05-02 12:50:00",34954,17053.594411375652
"2023-05-02 13:00:00",37461,17067.86005704364
"2023-05-02 13:10:00",40011,17083.19668347662
"2023-05-02 13:20:00",42251,17098.23415454144
"2023-05-02 13:30:00",44557,17114.611689814807
"2023-05-02 13:40:00",46435,17131.866250551135
"2023-05-02 13:50:00",47984,17149.000523589057
"2023-05-02 14:00:00",49531,17167.2368964947
"2023-05-02 14:10:00",50499,17184.27860794201
"2023-05-02 14:20:00",51154,17201.108989197524
"2023-05-02 14:30:00",51247,17214.86520337301
"2023-05-02 14:40:00",51199,17228.257716049375
"2023-05-02 14:50:00",50580,17239.458715691133
"2023-05-02 15:00:00",49459,17248.99439897486
"2023-05-02 15:10:00",47792,17256.94510926477
"2023-05-02 15:20:00",45967,17261.811067019396
"2023-05-02 15:30:00",43943,17263.13119006283
"2023-05-02 15:40:00",41760,17263.196249448847
"2023-05-02 15:50:00",39480,17260.578390239196
"2023-05-02 16:00:00",37095,17257.580357142855
"2023-05-02 16:10:00",34094,17251.104690255732
"2023-05-02 16:20:00",31655,17242.75262483466
"2023-05-02 16:30:00",29544,17233.24182581019
"2023-05-02 16:40:00",27776,17223.9675236993
"2023-05-02 16:50:00",26042,17214.633487654322
"2023-05-02 17:00:00",24501,17206.261140046296
"2023-05-02 17:10:00",22905,17197.874903549382
"2023-05-02 17:20:00",21484,17190.551697530864
"2023-05-02 17:30:00",20117,17182.118861607138
"2023-05-02 17:40:00",18888,17173.397583223104
"2023-05-02 17:50:00",17742,17164.299606619268
"2023-05-02 18:00:00",16738,17155.605902777777
"2023-05-02 18:10:00",15822,17147.302565586422
"2023-05-02 18:20:00",15100,17140.509279927246
"2023-05-02 18:30:00",14382,17134.914692873674
"2023-05-02 18:40:00",13635,17129.698357583773
"2023-05-02 18:50:00",13023,17125.328679591046
"2023-05-02 19:00:00",12305,17120.35255456349
"2023-05-02 19:10:00",11698,17115.778601052687
"2023-05-02 19:20:00",11134,17111.966338734568
"2023-05-02 19:30:00",10626,17108.1662119709
"2023-05-02 19:40:00",10176,17104.46281828704
"2023-05-02 19:50:00",9734,17100.780526620376
"2023-05-02 20:00:00",9238,17096.943783068786
"2023-05-02 20:10:00",8813,17093.72755111883
"2023-05-02 20:20:00",8392,17090.42377645503
"2023-05-02 20:30:00",7961,17086.712890625004
"2023-05-02 20:40:00",7598,17082.986207561735
"2023-05-02 20:50:00",7327,17079.68351107805
"2023-05-02 21:00:00",7050,17076.627728174608
"2023-05-02 21:10:00",6672,17073.530395723108
"2023-05-02 21:20:00",6334,17070.577270723104
"2023-05-02 21:30:00",6024,17067.293991815477
"2023-05-02 21:40:00",5850,17064.9709683642
"2023-05-02 21:50:00",5588,17062.49919050375
"2023-05-02 22:00:00",5420,17060.22346230159
"2023-05-02 22:10:00",,17024.930834573413
"2023-05-02 22:20:00",3898,17018.856054343036
"2023-05-02 22:30:00",4740,17017.047329695768
"2023-05-02 22:40:00",4671,17015.827270723104
"2023-05-02 22:50:00",4542,17014.67286361883
"2023-05-02 23:00:00",4386,17013.525442294977
"2023-05-02 23:10:00",4195,17012.33341944996
"2023-05-02 23:20:00",4118,17010.78840112434
"2023-05-02 23:30:00",4062,17009.38625372024
"2023-05-02 23:40:00",3943,17007.57253775353
"2023-05-02 23:50:00",3906,17006.218267746914
"2023-05-03 00:00:00",3897,17004.9375
"2023-05-03 00:10:00",3868,17003.993827160495
"2023-05-03 00:20:00",3894,17003.16401427469
"2023-05-03 00:30:00",3954,17002.332599619705
"2023-05-03 00:40:00",4047,17001.357087742505
"2023-05-03 00:50:00",4221,17000.424386160714
"2023-05-03 01:00:00",4381,16999.514136904763
"2023-05-03 01:10:00",4500,16998.30876253858
"2023-05-03 01:20:00",4640,16997.07616843034
"2023-05-03 01:30:00",4828,16996.169239831353
"2023-05-03 01:40:00",5049,16995.268966324962
"2023-05-03 01:50:00",5255,16994.407944775136
"2023-05-03 02:00:00",5446,16993.0570436508
"2023-05-03 02:10:00",5628,16991.055049189814
"2023-05-03 02:20:00",5833,16988.253086419754
"2023-05-03 02:30:00",6125,16985.042813740078
"2023-05-03 02:40:00",6379,16981.871913580246
"2023-05-03 02:50:00",6610,16978.52214575066
"2023-05-03 03:00:00",6848,16975.25167410714
"2023-05-03 03:10:00",6981,16971.80184220679
"2023-05-03 03:20:00",7193,16968.424272486776
"2023-05-03 03:30:00",7275,16964.37239583334
"2023-05-03 03:40:00",7409,16959.996486441803
"2023-05-03 03:50:00",7522,16955.79518022487
"2023-05-03 04:00:00",7580,16951.362599206357
"2023-05-03 04:10:00",7778,16952.12849289022
"2023-05-03 04:20:00",8016,16952.88879243828
"2023-05-03 04:30:00",8354,16953.1716993221
"2023-05-03 04:40:00",8696,16952.79133597885
"2023-05-03 04:50:00",9135,16952.410893408305
"2023-05-03 05:00:00",9597,16952.1701388889
"2023-05-03 05:10:00",10019,16951.39157228286
"2023-05-03 05:20:00",10469,16950.560819003542
"2023-05-03 05:30:00",10896,16949.865110367078
"2023-05-03 05:40:00",11408,16949.692439649483
"2023-05-03 05:50:00",11840,16949.57372616293
"2023-05-03 06:00:00",12216,16948.93911210318
"2023-05-03 06:10:00",12707,16948.504178378535
"2023-05-03 06:20:00",13210,16948.173521549827
"2023-05-03 06:30:00",13732,16948.91675967262
"2023-05-03 06:40:00",14136,16949.503913139328
"2023-05-03 06:50:00",14509,16949.82449776786
"2023-05-03 07:00:00",14886,16950.043526785714
"2023-05-03 07:10:00",15311,16950.243830605163
"2023-05-03 07:20:00",15619,16949.82182815256
"2023-05-03 07:30:00",15878,16948.880549355166
"2023-05-03 07:40:00",16153,16947.345858134926
"2023-05-03 07:50:00",16470,16945.757406029545
"2023-05-03 08:00:00",16603,16943.970403439158
"2023-05-03 08:10:00",16831,16941.46834697421
"2023-05-03 08:20:00",17053,16940.275628306877
"2023-05-03 08:30:00",17168,16938.147228422622
"2023-05-03 08:40:00",17188,16935.959573412692
"2023-05-03 08:50:00",17219,16933.785979524913
"2023-05-03 09:00:00",17199,16932.381035052913
"2023-05-03 09:10:00",17152,16930.971543623233
"2023-05-03 09:20:00",17020,16929.78731261023
"2023-05-03 09:30:00",16766,16928.273675181877
"2023-05-03 09:40:00",16534,16926.89759011244
"2023-05-03 09:50:00",16411,16926.83715002205
"2023-05-03 10:00:00",16203,16926.870287698413
"2023-05-03 10:10:00",16026,16926.467117228836
"2023-05-03 10:20:00",15996,16926.657524526017
"2023-05-03 10:30:00",16020,16926.4412202381
"2023-05-03 10:40:00",16063,16924.8686893739
"2023-05-03 10:50:00",16265,16922.87730792549
"2023-05-03 11:00:00",16700,16919.7744295635
"2023-05-03 11:10:00",17489,16917.62635030865
"2023-05-03 11:20:00",18339,16915.506916887134
"2023-05-03 11:30:00",19308,16912.91108630953
"2023-05-03 11:40:00",20668,16910.671675209443
"2023-05-03 11:50:00",22024,16908.206039186512
"2023-05-03 12:00:00",23927,16905.748346560853
"2023-05-03 12:10:00",26126,16903.643732087752
"2023-05-03 12:20:00",28609,16902.601459160054
"2023-05-03 12:30:00",31051,16901.867972883607
"2023-05-03 12:40:00",33510,16901.20753417108
"2023-05-03 12:50:00",36022,16900.089857528663
"2023-05-03 13:00:00",38530,16897.740141369057
"2023-05-03 13:10:00",41156,16894.658220348334
"2023-05-03 13:20:00",43432,16890.520695546744
"2023-05-03 13:30:00",45692,16884.95667989419
"2023-05-03 13:40:00",47654,16878.837900959003
"2023-05-03 13:50:00",49402,16873.077983768744
"2023-05-03 14:00:00",50024,16860.304811507944
"2023-05-03 14:10:00",50511,16844.023747519845
"2023-05-03 14:20:00",50670,16824.19685570988
"2023-05-03 14:30:00",50283,16801.088355654763
"2023-05-03 14:40:00",49540,16773.53031305115
"2023-05-03 14:50:00",48173,16741.33850033069
"2023-05-03 15:00:00",45947,16702.431464947094
"2023-05-03 15:10:00",42750,16654.385216876104
"2023-05-03 15:20:00",39998,16601.69522982805
"2023-05-03 15:30:00",37287,16545.735852761245
"2023-05-03 15:40:00",34182,16484.907607197973
"2023-05-03 15:50:00",31250,16421.203507357808
"2023-05-03 16:00:00",28503,16356.472966269843
"2023-05-03 16:10:00",25723,16294.526503251764
"2023-05-03 16:20:00",23289,16233.934854497355
"2023-05-03 16:30:00",21369,16175.773902529761
"2023-05-03 16:40:00",19772,16119.656456679895
"2023-05-03 16:50:00",18205,16065.397211199293
"2023-05-03 17:00:00",16929,16013.641286375663
"2023-05-03 17:10:00",15932,15966.491736248898
"2023-05-03 17:20:00",14928,15922.592592592591
"2023-05-03 17:30:00",14187,15883.357669890871
"2023-05-03 17:40:00",13523,15848.25239748677
"2023-05-03 17:50:00",12900,15816.96157820767
"2023-05-03 18:00:00",12255,15788.365286044973
"2023-05-03 18:10:00",11597,15761.797281470457
"2023-05-03 18:20:00",10973,15736.187534446648
"2023-05-03 18:30:00",10532,15712.72810226521
"2023-05-03 18:40:00",10183,15692.148010361549
"2023-05-03 18:50:00",9753,15672.946659363974
"2023-05-03 19:00:00",9406,15656.443452380949
"2023-05-03 19:10:00",8965,15641.214867862653
"2023-05-03 19:20:00",8470,15626.65301201499
"2023-05-03 19:30:00",8140,15613.523179150132
"2023-05-03 19:40:00",7861,15601.697958002644
"2023-05-03 19:50:00",7622,15591.37063905423
"2023-05-03 20:00:00",7412,15583.086144179892
"2023-05-03 20:10:00",7098,15575.64609857253
"2023-05-03 20:20:00",6831,15569.395034171073
"2023-05-03 20:30:00",6530,15564.148282490078
"2023-05-03 20:40:00",6317,15560.059909611991
"2023-05-03 20:50:00",6118,15556.557701581785
"2023-05-03 21:00:00",5847,15553.186673280421
"2023-05-03 21:10:00",5151,15547.778359926144
"2023-05-03 21:20:00",4718,15542.058173500882
"2023-05-03 21:30:00",4345,15536.112599206346
"2023-05-03 21:40:00",3968,15528.95732749118
"2023-05-03 21:50:00",3760,15522.344211585094
"2023-05-03 22:00:00",3742,15516.84474206349
"2023-05-03 22:10:00",3640,15547.632040895058
"2023-05-03 22:20:00",3475,15550.75558724647
"2023-05-03 22:30:00",3374,15547.516648065473
"2023-05-03 22:40:00",3274,15544.10653659612
"2023-05-03 22:50:00",3153,15540.791105186287
"2023-05-03 23:00:00",3121,15538.374421296297
"2023-05-03 23:10:00",2997,15536.423480213845
"2023-05-03 23:20:00",2914,15534.48470568783
"2023-05-03 23:30:00",2882,15532.74324156746
"2023-05-03 23:40:00",2875,15531.77726796737
"2023-05-03 23:50:00",2856,15530.930858686068
"2023-05-04 00:00:00",2803,15529.78472222222
"2023-05-04 00:10:00",2739,15528.417055913804
"2023-05-04 00:20:00",2739,15526.894772376545
"2023-05-04 00:30:00",2780,15525.233961640211
"2023-05-04 00:40:00",2880,15523.592854387125
"2023-05-04 00:50:00",2933,15521.061745618386
"2023-05-04 01:00:00",2996,15517.827876984125
"2023-05-04 01:10:00",3097,15514.429270695546
"2023-05-04 01:20:00",3209,15510.777998236332
"2023-05-04 01:30:00",3287,15506.303106398811
"2023-05-04 01:40:00",3456,15501.420304232806
"2023-05-04 01:50:00",3578,15495.86312624008
"2023-05-04 02:00:00",3743,15490.054398148148
"2023-05-04 02:10:00",3910,15484.048493992505
"2023-05-04 02:20:00",4066,15477.609326774691
"2023-05-04 02:30:00",4220,15470.126550099205
"2023-05-04 02:40:00",4358,15461.751901455025
"2023-05-04 02:50:00",4498,15452.665126901455
"2023-05-04 03:00:00",4615,15442.65658068783
"2023-05-04 03:10:00",4702,15432.255962714946
"2023-05-04 03:20:00",4791,15420.944017305996
"2023-05-04 03:30:00",4908,15409.814070767196
"2023-05-04 03:40:00",5032,15398.540405919313
"2023-05-04 03:50:00",5161,15387.299913194445