"DateTime","Players","Flags"
"2017-02-01 00:00:00",1,
"2017-02-02 00:00:00",,
"2017-02-03 00:00:00",,
"2017-02-04 00:00:00",,
"2017-02-05 00:00:00",,
"2017-02-06 00:00:00",,
"2017-02-07 00:00:00",,
"2017-02-08 00:00:00",,
"2017-02-09 00:00:00",,
"2017-02-10 00:00:00",,
"2017-02-11 00:00:00",,
"2017-02-12 00:00:00",,
"2017-02-13 00:00:00",,
"2017-02-14 00:00:00",,
"2017-02-15 00:00:00",,
"2017-02-16 00:00:00",,
"2017-02-17 00:00:00",,
"2017-02-18 00:00:00",,
"2017-02-19 00:00:00",,
"2017-02-20 00:00:00",,
"2017-02-21 00:00:00",,
"2017-02-22 00:00:00",,
"2017-02-23 00:00:00",,
"2017-02-24 00:00:00",,
"2017-02-25 00:00:00",,
"2017-02-26 00:00:00",,
"2017-02-27 00:00:00",,
"2017-02-28 00:00:00",,
"2017-03-01 00:00:00",1,
"2017-03-02 00:00:00",,
"2017-03-03 00:00:00",3,
"2017-03-04 00:00:00",,
"2017-03-05 00:00:00",,
"2017-03-06 00:00:00",1,
"2017-03-07 00:00:00",,
"2017-03-08 00:00:00",,
"2017-03-09 00:00:00",,
"2017-03-10 00:00:00",1,
"2017-03-11 00:00:00",,
"2017-03-12 00:00:00",,
"2017-03-13 00:00:00",,
"2017-03-14 00:00:00",,
"2017-03-15 00:00:00",,
"2017-03-16 00:00:00",,
"2017-03-17 00:00:00",,
"2017-03-18 00:00:00",,
"2017-03-19 00:00:00",,
"2017-03-20 00:00:00",,
"2017-03-21 00:00:00",,
"2017-03-22 00:00:00",,
"2017-03-23 00:00:00",39523,
"2017-03-24 00:00:00",46119,
"2017-03-25 00:00:00",53667,
"2017-03-26 00:00:00",65629,
"2017-03-27 00:00:00",56310,
"2017-03-28 00:00:00",57175,
"2017-03-29 00:00:00",57121,
"2017-03-30 00:00:00",58532,
"2017-03-31 00:00:00",65738,
"2017-04-01 00:00:00",75682,
"2017-04-02 00:00:00",86648,
"2017-04-03 00:00:00",72785,
"2017-04-04 00:00:00",70046,
"2017-04-05 00:00:00",70541,
"2017-04-06 00:00:00",70104,
"2017-04-07 00:00:00",71165,
"2017-04-08 00:00:00",81031,
"2017-04-09 00:00:00",89066,
"2017-04-10 00:00:00",80357,
"2017-04-11 00:00:00",74820,
"2017-04-12 00:00:00",73028,
"2017-04-13 00:00:00",77263,
"2017-04-14 00:00:00",87933,
"2017-04-15 00:00:00",91451,
"2017-04-16 00:00:00",96368,
"2017-04-17 00:00:00",103672,
"2017-04-18 00:00:00",87811,
"2017-04-19 00:00:00",85688,
"2017-04-20 00:00:00",103411,
"2017-04-21 00:00:00",110636,
"2017-04-22 00:00:00",125305,
"2017-04-23 00:00:00",138478,
"2017-04-24 00:00:00",108786,
"2017-04-25 00:00:00",105878,
"2017-04-26 00:00:00",104189,
"2017-04-27 00:00:00",100633,
"2017-04-28 00:00:00",111007,
"2017-04-29 00:00:00",125847,
"2017-04-30 00:00:00",132224,
"2017-05-01 00:00:00",143302,
"2017-05-02 00:00:00",121663,
"2017-05-03 00:00:00",121333,
"2017-05-04 00:00:00",121746,
"2017-05-05 00:00:00",127751,
"2017-05-06 00:00:00",149613,
"2017-05-07 00:00:00",161117,
"2017-05-08 00:00:00",142099,
"2017-05-09 00:00:00",139173,
"2017-05-10 00:00:00",134549,
"2017-05-11 00:00:00",135010,
"2017-05-12 00:00:00",145591,
"2017-05-13 00:00:00",165926,
"2017-05-14 00:00:00",174516,
"2017-05-15 00:00:00",145584,
"2017-05-16 00:00:00",146877,
"2017-05-17 00:00:00",148631,
"2017-05-18 00:00:00",146887,
"2017-05-19 00:00:00",158062,
"2017-05-20 00:00:00",173348,
"2017-05-21 00:00:00",186916,
"2017-05-22 00:00:00",157947,
"2017-05-23 00:00:00",160833,
"2017-05-24 00:00:00",151991,
"2017-05-25 00:00:00",143727,
"2017-05-26 00:00:00",172888,
"2017-05-27 00:00:00",182698,
"2017-05-28 00:00:00",191573,
"2017-05-29 00:00:00",180861,
"2017-05-30 00:00:00",172266,
"2017-05-31 00:00:00",171474,
"2017-06-01 00:00:00",168779,
"2017-06-02 00:00:00",176691,
"2017-06-03 00:00:00",194697,
"2017-06-04 00:00:00",209081,
"2017-06-05 00:00:00",204449,
"2017-06-06 00:00:00",185607,
"2017-06-07 00:00:00",180441,
"2017-06-08 00:00:00",178360,
"2017-06-09 00:00:00",188136,
"2017-06-10 00:00:00",197874,
"2017-06-11 00:00:00",218071,
"2017-06-12 00:00:00",197381,
"2017-06-13 00:00:00",192862,
"2017-06-14 00:00:00",193730,
"2017-06-15 00:00:00",200558,
"2017-06-16 00:00:00",206596,
"2017-06-17 00:00:00",220910,
"2017-06-18 00:00:00",232325,
"2017-06-19 00:00:00",209239,
"2017-06-20 00:00:00",212130,
"2017-06-21 00:00:00",211893,
"2017-06-22 00:00:00",211103,
"2017-06-23 00:00:00",218507,
"2017-06-24 00:00:00",239810,
"2017-06-25 00:00:00",257712,
"2017-06-26 00:00:00",232986,
"2017-06-27 00:00:00",236180,
"2017-06-28 00:00:00",237002,
"2017-06-29 00:00:00",255147,
"2017-06-30 00:00:00",269383,
"2017-07-01 00:00:00",290001,
"2017-07-02 00:00:00",313807,
"2017-07-03 00:00:00",286085,
"2017-07-04 00:00:00",289135,
"2017-07-05 00:00:00",284355,
"2017-07-06 00:00:00",282554,
"2017-07-07 00:00:00",301208,
"2017-07-08 00:00:00",321026,
"2017-07-09 00:00:00",340604,
"2017-07-10 00:00:00",319705,
"2017-07-11 00:00:00",321086,
"2017-07-12 00:00:00",321392,
"2017-07-13 00:00:00",313880,
"2017-07-14 00:00:00",335374,
"2017-07-15 00:00:00",355330,
"2017-07-16 00:00:00",382779,
"2017-07-17 00:00:00",329145,
"2017-07-18 00:00:00",356656,
"2017-07-19 00:00:00",351955,
"2017-07-20 00:00:00",357712,
"2017-07-21 00:00:00",363785,
"2017-07-22 00:00:00",386257,
"2017-07-23 00:00:00",422618,
"2017-07-24 00:00:00",364760,
"2017-07-25 00:00:00",412085,
"2017-07-26 00:00:00",415193,
"2017-07-27 00:00:00",370084,
"2017-07-28 00:00:00",430582,
"2017-07-29 00:00:00",445820,
"2017-07-30 00:00:00",481304,
"2017-07-31 00:00:00",461344,
"2017-08-01 00:00:00",479439,
"2017-08-02 00:00:00",479612,
"2017-08-03 00:00:00",423030,
"2017-08-04 00:00:00",523078,
"2017-08-05 00:00:00",546584,
"2017-08-06 00:00:00",581224,
"2017-08-07 00:00:00",555240,
"2017-08-08 00:00:00",552038,
"2017-08-09 00:00:00",552155,
"2017-08-10 00:00:00",538332,
"2017-08-11 00:00:00",559613,
"2017-08-12 00:00:00",586190,
"2017-08-13 00:00:00",614743,
"2017-08-14 00:00:00",613642,
"2017-08-15 00:00:00",617207,
"2017-08-16 00:00:00",620133,
"2017-08-17 00:00:00",628489,
"2017-08-18 00:00:00",659152,
"2017-08-19 00:00:00",699249,
"2017-08-20 00:00:00",678113,
"2017-08-21 00:00:00",687633,
"2017-08-22 00:00:00",718030,
"2017-08-23 00:00:00",710065,
"2017-08-24 00:00:00",755998,
"2017-08-25 00:00:00",774342,
"2017-08-26 00:00:00",810668,
"2017-08-27 00:00:00",877844,
"2017-08-28 00:00:00",804696,
"2017-08-29 00:00:00",874184,
"2017-08-30 00:00:00",887388,
"2017-08-31 00:00:00",857891,
"2017-09-01 00:00:00",886154,
"2017-09-02 00:00:00",936020,
"2017-09-03 00:00:00",970240,
"2017-09-04 00:00:00",954533,
"2017-09-05 00:00:00",962950,
"2017-09-06 00:00:00",968512,
"2017-09-07 00:00:00",980039,
"2017-09-08 00:00:00",1028275,
"2017-09-09 00:00:00",1069054,
"2017-09-10 00:00:00",1111155,
"2017-09-11 00:00:00",1063156,
"2017-09-12 00:00:00",1073334,
"2017-09-13 00:00:00",1090862,
"2017-09-14 00:00:00",1135586,
"2017-09-15 00:00:00",1238017,
"2017-09-16 00:00:00",1349413,
"2017-09-17 00:00:00",1338091,
"2017-09-18 00:00:00",1302950,
"2017-09-19 00:00:00",1280976,
"2017-09-20 00:00:00",1333200,
"2017-09-21 00:00:00",1243166,
"2017-09-22 00:00:00",1462708,
"2017-09-23 00:00:00",1529218,
"2017-09-24 00:00:00",1493939,
"2017-09-25 00:00:00",1462955,
"2017-09-26 00:00:00",1466143,
"2017-09-27 00:00:00",1451925,
"2017-09-28 00:00:00",1473144,
"2017-09-29 00:00:00",1420977,
"2017-09-30 00:00:00",1574445,
"2017-10-01 00:00:00",1669015,
"2017-10-02 00:00:00",1628409,
"2017-10-03 00:00:00",1668715,
"2017-10-04 00:00:00",1655027,
"2017-10-05 00:00:00",1767288,
"2017-10-06 00:00:00",1846134,
"2017-10-07 00:00:00",1993691,
"2017-10-08 00:00:00",1960892,
"2017-10-09 00:00:00",1962803,
"2017-10-10 00:00:00",1931930,
"2017-10-11 00:00:00",2016498,
"2017-10-12 00:00:00",2041534,
"2017-10-13 00:00:00",2157343,
"2017-10-14 00:00:00",2289971,
"2017-10-15 00:00:00",2167546,
"2017-10-16 00:00:00",2081099,
"2017-10-17 00:00:00",1720392,
"2017-10-18 00:00:00",2112689,
"2017-10-19 00:00:00",2085661,
"2017-10-20 00:00:00",2275603,
"2017-10-21 00:00:00",2251203,
"2017-10-22 00:00:00",2128994,
"2017-10-23 00:00:00",2160577,
"2017-10-24 00:00:00",2178295,
"2017-10-25 00:00:00",2185097,
"2017-10-26 00:00:00",2158697,
"2017-10-27 00:00:00",2387794,
"2017-10-28 00:00:00",2390946,
"2017-10-29 00:00:00",2276682,
"2017-10-30 00:00:00",2247503,
"2017-10-31 00:00:00",2237373,
"2017-11-01 00:00:00",2303015,
"2017-11-02 00:00:00",2328745,
"2017-11-03 00:00:00",2524595,
"2017-11-04 00:00:00",2557336,
"2017-11-05 00:00:00",2451505,
"2017-11-06 00:00:00",2399159,
"2017-11-07 00:00:00",2377139,
"2017-11-08 00:00:00",2406967,
"2017-11-09 00:00:00",2435545,
"2017-11-10 00:00:00",2552565,
"2017-11-11 00:00:00",2641811,
"2017-11-12 00:00:00",2580337,
"2017-11-13 00:00:00",2531936,
"2017-11-14 00:00:00",2522283,
"2017-11-15 00:00:00",2545420,
"2017-11-16 00:00:00",2567825,
"2017-11-17 00:00:00",2793176,
"2017-11-18 00:00:00",2904846,
"2017-11-19 00:00:00",2778309,
"2017-11-20 00:00:00",2686146,
"2017-11-21 00:00:00",2674342,
"2017-11-22 00:00:00",2618738,
"2017-11-23 00:00:00",2642524,
"2017-11-24 00:00:00",2891657,
"2017-11-25 00:00:00",2940359,
"2017-11-26 00:00:00",2798630,
"2017-11-27 00:00:00",2683770,
"2017-11-28 00:00:00",2631504,
"2017-11-29 00:00:00",2670554,
"2017-11-30 00:00:00",2664769,
"2017-12-01 00:00:00",2903859,
"2017-12-02 00:00:00",2961112,
"2017-12-03 00:00:00",2817793,
"2017-12-04 00:00:00",2711041,
"2017-12-05 00:00:00",2709615,
"2017-12-06 00:00:00",2729519,
"2017-12-07 00:00:00",2796272,
"2017-12-08 00:00:00",2845552,
"2017-12-09 00:00:00",2913526,
"2017-12-10 00:00:00",2751550,
"2017-12-11 00:00:00",2652413,
"2017-12-12 00:00:00",2668501,
"2017-12-13 00:00:00",2680201,
"2017-12-14 00:00:00",2616642,
"2017-12-15 00:00:00",2804838,
"2017-12-16 00:00:00",2869156,
"2017-12-17 00:00:00",2648933,
"2017-12-18 00:00:00",2600604,
"2017-12-19 00:00:00",2648596,
"2017-12-20 00:00:00",2699268,
"2017-12-21 00:00:00",1901658,
"2017-12-22 00:00:00",2912831,
"2017-12-23 00:00:00",2893414,
"2017-12-24 00:00:00",2701140,
"2017-12-25 00:00:00",2720182,
"2017-12-26 00:00:00",2879002,
"2017-12-27 00:00:00",2911567,
"2017-12-28 00:00:00",2940119,
"2017-12-29 00:00:00",3105063,
"2017-12-30 00:00:00",3027050,
"2017-12-31 00:00:00",2735776,
"2018-01-01 00:00:00",2792515,
"2018-01-02 00:00:00",2987585,
"2018-01-03 00:00:00",2948824,
"2018-01-04 00:00:00",2908153,
"2018-01-05 00:00:00",3111095,
"2018-01-06 00:00:00",3165053,
"2018-01-07 00:00:00",3028424,
"2018-01-08 00:00:00",2916008,
"2018-01-09 00:00:00",2882162,
"2018-01-10 00:00:00",2821337,
"2018-01-11 00:00:00",2608675,
"2018-01-12 00:00:00",3119191,
"2018-01-13 00:00:00",3257248,
"2018-01-14 00:00:00",3149524,
"2018-01-15 00:00:00",3035560,
"2018-01-16 00:00:00",2984565,
"2018-01-17 00:00:00",3021621,
"2018-01-18 00:00:00",2995704,
"2018-01-19 00:00:00",3082953,
"2018-01-20 00:00:00",3156713,
"2018-01-21 00:00:00",3088609,
"2018-01-22 00:00:00",2975607,
"2018-01-23 00:00:00",2972069,
"2018-01-24 00:00:00",2935037,
"2018-01-25 00:00:00",2655842,
"2018-01-26 00:00:00",3034540,
"2018-01-27 00:00:00",3092549,
"2018-01-28 00:00:00",3071708,
"2018-01-29 00:00:00",2915453,
"2018-01-30 00:00:00",2940731,
"2018-01-31 00:00:00",2894346,
"2018-02-01 00:00:00",2734796,
"2018-02-02 00:00:00",2811749,
"2018-02-03 00:00:00",2957507,
"2018-02-04 00:00:00",2933527,
"2018-02-05 00:00:00",2820516,
"2018-02-06 00:00:00",2803438,
"2018-02-07 00:00:00",2543501,
"2018-02-08 00:00:00",2750007,
"2018-02-09 00:00:00",2679866,
"2018-02-10 00:00:00",2690449,
"2018-02-11 00:00:00",2700520,
"2018-02-12 00:00:00",2540839,
"2018-02-13 00:00:00",2434563,
"2018-02-14 00:00:00",2177418,
"2018-02-15 00:00:00",1684566,
"2018-02-16 00:00:00",2041561,
"2018-02-17 00:00:00",2165638,
"2018-02-18 00:00:00",2258546,
"2018-02-19 00:00:00",2233947,
"2018-02-20 00:00:00",2316442,
"2018-02-21 00:00:00",2437625,
"2018-02-22 00:00:00",2187318,
"2018-02-23 00:00:00",2597848,
"2018-02-24 00:00:00",2713437,
"2018-02-25 00:00:00",2750196,
"2018-02-26 00:00:00",2498316,
"2018-02-27 00:00:00",2712416,
"2018-02-28 00:00:00",2731402,
"2018-03-01 00:00:00",2646691,
"2018-03-02 00:00:00",2670202,
"2018-03-03 00:00:00",2802807,
"2018-03-04 00:00:00",2697444,
"2018-03-05 00:00:00",2603557,
"2018-03-06 00:00:00",2597254,
"2018-03-07 00:00:00",2611750,
"2018-03-08 00:00:00",2546480,
"2018-03-09 00:00:00",2652781,
"2018-03-10 00:00:00",2736269,
"2018-03-11 00:00:00",2608166,
"2018-03-12 00:00:00",2464229,
"2018-03-13 00:00:00",2100904,
"2018-03-14 00:00:00",2519524,
"2018-03-15 00:00:00",2508880,
"2018-03-16 00:00:00",2724247,
"2018-03-17 00:00:00",2807003,
"2018-03-18 00:00:00",2613261,
"2018-03-19 00:00:00",2466420,
"2018-03-20 00:00:00",2435565,
"2018-03-21 00:00:00",2402488,
"2018-03-22 00:00:00",2327636,
"2018-03-23 00:00:00",2551186,
"2018-03-24 00:00:00",2747269,
"2018-03-25 00:00:00",2522023,
"2018-03-26 00:00:00",2331646,
"2018-03-27 00:00:00",2392156,
"2018-03-28 00:00:00",2350681,
"2018-03-29 00:00:00",2404535,
"2018-03-30 00:00:00",2634331,
"2018-03-31 00:00:00",2486554,
"2018-04-01 00:00:00",2347833,
"2018-04-02 00:00:00",2222281,
"2018-04-03 00:00:00",2226291,
"2018-04-04 00:00:00",2461794,
"2018-04-05 00:00:00",2433921,
"2018-04-06 00:00:00",2438825,
"2018-04-07 00:00:00",2339259,
"2018-04-08 00:00:00",2260520,
"2018-04-09 00:00:00",2150591,
"2018-04-10 00:00:00",2144661,
"2018-04-11 00:00:00",2124506,
"2018-04-12 00:00:00",1877716,
"2018-04-13 00:00:00",2428897,
"2018-04-14 00:00:00",2408125,
"2018-04-15 00:00:00",2222605,
"2018-04-16 00:00:00",1989003,
"2018-04-17 00:00:00",1945381,
"2018-04-18 00:00:00",1954853,
"2018-04-19 00:00:00",1992584,
"2018-04-20 00:00:00",2298063,
"2018-04-21 00:00:00",2306962,
"2018-04-22 00:00:00",2167270,
"2018-04-23 00:00:00",1976595,
"2018-04-24 00:00:00",1911117,
"2018-04-25 00:00:00",1940222,
"2018-04-26 00:00:00",1857855,
"2018-04-27 00:00:00",1861128,
"2018-04-28 00:00:00",2028515,
"2018-04-29 00:00:00",1978515,
"2018-04-30 00:00:00",1990013,
"2018-05-01 00:00:00",1920870,
"2018-05-02 00:00:00",1854643,
"2018-05-03 00:00:00",1599724,
"2018-05-04 00:00:00",2179344,
"2018-05-05 00:00:00",2120708,
"2018-05-06 00:00:00",1996661,
"2018-05-07 00:00:00",1823331,
"2018-05-08 00:00:00",1808215,
"2018-05-09 00:00:00",1807300,
"2018-05-10 00:00:00",1824830,
"2018-05-11 00:00:00",1838953,
"2018-05-12 00:00:00",1885965,
"2018-05-13 00:00:00",1725044,
"2018-05-14 00:00:00",1603647,
"2018-05-15 00:00:00",1582474,
"2018-05-16 00:00:00",1594080,
"2018-05-17 00:00:00",1567378,
"2018-05-18 00:00:00",1802768,
"2018-05-19 00:00:00",1806076,
"2018-05-20 00:00:00",1681088,
"2018-05-21 00:00:00",1580484,
"2018-05-22 00:00:00",1575365,
"2018-05-23 00:00:00",1540243,
"2018-05-24 00:00:00",1558344,
"2018-05-25 00:00:00",1684366,
"2018-05-26 00:00:00",1734247,
"2018-05-27 00:00:00",1570216,
"2018-05-28 00:00:00",1483945,
"2018-05-29 00:00:00",1500954,
"2018-05-30 00:00:00",1533069,
"2018-05-31 00:00:00",1489915,
"2018-06-01 00:00:00",1625791,
"2018-06-02 00:00:00",1652570,
"2018-06-03 00:00:00",1586565,
"2018-06-04 00:00:00",1539619,
"2018-06-05 00:00:00",1586049,
"2018-06-06 00:00:00",1533823,
"2018-06-07 00:00:00",1536429,
"2018-06-08 00:00:00",1767366,
"2018-06-09 00:00:00",1724861,
"2018-06-10 00:00:00",1586492,
"2018-06-11 00:00:00",1487069,
"2018-06-12 00:00:00",1508372,
"2018-06-13 00:00:00",1506084,
"2018-06-14 00:00:00",1477682,
"2018-06-15 00:00:00",1471233,
"2018-06-16 00:00:00",1408530,
"2018-06-17 00:00:00",1495313,
"2018-06-18 00:00:00",1432449,
"2018-06-19 00:00:00",1290032,
"2018-06-20 00:00:00",1285109,
"2018-06-21 00:00:00",1359864,
"2018-06-22 00:00:00",1524462,
"2018-06-23 00:00:00",1688343,
"2018-06-24 00:00:00",1637530,
"2018-06-25 00:00:00",1578485,
"2018-06-26 00:00:00",1520207,
"2018-06-27 00:00:00",1440186,
"2018-06-28 00:00:00",1289154,
"2018-06-29 00:00:00",1356343,
"2018-06-30 00:00:00",1336887,
"2018-07-01 00:00:00",1353031,
"2018-07-02 00:00:00",1295000,
"2018-07-03 00:00:00",1297869,
"2018-07-04 00:00:00",1306329,
"2018-07-05 00:00:00",1244353,
"2018-07-06 00:00:00",1309303,
"2018-07-07 00:00:00",1335704,
"2018-07-08 00:00:00",1324480,
"2018-07-09 00:00:00",1285515,
"2018-07-10 00:00:00",1284166,
"2018-07-11 00:00:00",1277500,
"2018-07-12 00:00:00",1202176,
"2018-07-13 00:00:00",1272032,
"2018-07-14 00:00:00",1241282,
"2018-07-15 00:00:00",1250115,
"2018-07-16 00:00:00",1236782,
"2018-07-17 00:00:00",1250318,
"2018-07-18 00:00:00",1237700,
"2018-07-19 00:00:00",1252752,
"2018-07-20 00:00:00",1335064,
"2018-07-21 00:00:00",1339071,
"2018-07-22 00:00:00",1329078,
"2018-07-23 00:00:00",1255994,
"2018-07-24 00:00:00",1283262,
"2018-07-25 00:00:00",1280741,
"2018-07-26 00:00:00",1299484,
"2018-07-27 00:00:00",1307656,
"2018-07-28 00:00:00",1258122,
"2018-07-29 00:00:00",1254035,
"2018-07-30 00:00:00",1290744,
"2018-07-31 00:00:00",1271022,
"2018-08-01 00:00:00",1243027,
"2018-08-02 00:00:00",1226603,
"2018-08-03 00:00:00",1248850,
"2018-08-04 00:00:00",1243783,
"2018-08-05 00:00:00",1255623,
"2018-08-06 00:00:00",1181571,
"2018-08-07 00:00:00",1175902,
"2018-08-08 00:00:00",1073724,
"2018-08-09 00:00:00",1172262,
"2018-08-10 00:00:00",1114489,
"2018-08-11 00:00:00",1172157,
"2018-08-12 00:00:00",1184981,
"2018-08-13 00:00:00",1138388,
"2018-08-14 00:00:00",1139534,
"2018-08-15 00:00:00",1115512,
"2018-08-16 00:00:00",1090274,
"2018-08-17 00:00:00",1053776,
"2018-08-18 00:00:00",1187422,
"2018-08-19 00:00:00",1174141,
"2018-08-20 00:00:00",1097494,
"2018-08-21 00:00:00",1124698,
"2018-08-22 00:00:00",1138021,
"2018-08-23 00:00:00",1137029,
"2018-08-24 00:00:00",1174910,
"2018-08-25 00:00:00",1190514,
"2018-08-26 00:00:00",1164104,
"2018-08-27 00:00:00",1106200,
"2018-08-28 00:00:00",1106043,
"2018-08-29 00:00:00",1091043,
"2018-08-30 00:00:00",1090349,
"2018-08-31 00:00:00",1115111,
"2018-09-01 00:00:00",1099621,
"2018-09-02 00:00:00",1078927,
"2018-09-03 00:00:00",1032185,
"2018-09-04 00:00:00",1125932,
"2018-09-05 00:00:00",1005484,
"2018-09-06 00:00:00",1006844,
"2018-09-07 00:00:00",1087473,
"2018-09-08 00:00:00",1116354,
"2018-09-09 00:00:00",1039062,
"2018-09-10 00:00:00",960263,
"2018-09-11 00:00:00",958714,
"2018-09-12 00:00:00",976253,
"2018-09-13 00:00:00",1110760,
"2018-09-14 00:00:00",1115086,
"2018-09-15 00:00:00",1128795,
"2018-09-16 00:00:00",1092144,
"2018-09-17 00:00:00",1021462,
"2018-09-18 00:00:00",999769,
"2018-09-19 00:00:00",994004,
"2018-09-20 00:00:00",995711,
"2018-09-21 00:00:00",1079364,
"2018-09-22 00:00:00",1082120,
"2018-09-23 00:00:00",1125462,
"2018-09-24 00:00:00",998729,
"2018-09-25 00:00:00",989933,
"2018-09-26 00:00:00",983493,
"2018-09-27 00:00:00",943584,
"2018-09-28 00:00:00",964669,
"2018-09-29 00:00:00",983446,
"2018-09-30 00:00:00",1040164,
"2018-10-01 00:00:00",950165,
"2018-10-02 00:00:00",945733,
"2018-10-03 00:00:00",960816,
"2018-10-04 00:00:00",941269,
"2018-10-05 00:00:00",916596,
"2018-10-06 00:00:00",1055508,
"2018-10-07 00:00:00",1021057,
"2018-10-08 00:00:00",948575,
"2018-10-09 00:00:00",940820,
"2018-10-10 00:00:00",852238,
"2018-10-11 00:00:00",836300,
"2018-10-12 00:00:00",955819,
"2018-10-13 00:00:00",1023746,
"2018-10-14 00:00:00",927559,
"2018-10-15 00:00:00",876955,
"2018-10-16 00:00:00",846193,
"2018-10-17 00:00:00",835973,
"2018-10-18 00:00:00",864675,
"2018-10-19 00:00:00",938802,
"2018-10-20 00:00:00",965507,
"2018-10-21 00:00:00",944706,
"2018-10-22 00:00:00",859126,
"2018-10-23 00:00:00",803345,
"2018-10-24 00:00:00",870192,
"2018-10-25 00:00:00",860280,
"2018-10-26 00:00:00",943023,
"2018-10-27 00:00:00",961868,
"2018-10-28 00:00:00",915145,
"2018-10-29 00:00:00",852022,
"2018-10-30 00:00:00",848017,
"2018-10-31 00:00:00",821094,
"2018-11-01 00:00:00",830675,
"2018-11-02 00:00:00",899212,
"2018-11-03 00:00:00",888932,
"2018-11-04 00:00:00",871756,
"2018-11-05 00:00:00",804729,
"2018-11-06 00:00:00",798186,
"2018-11-07 00:00:00",823745,
"2018-11-08 00:00:00",797339,
"2018-11-09 00:00:00",822848,
"2018-11-10 00:00:00",867996,
"2018-11-11 00:00:00",838380,
"2018-11-12 00:00:00",783911,
"2018-11-13 00:00:00",782310,
"2018-11-14 00:00:00",792290,
"2018-11-15 00:00:00",777768,
"2018-11-16 00:00:00",842399,
"2018-11-17 00:00:00",898133,
"2018-11-18 00:00:00",858673,
"2018-11-19 00:00:00",786883,
"2018-11-20 00:00:00",795710,
"2018-11-21 00:00:00",794832,
"2018-11-22 00:00:00",799527,
"2018-11-23 00:00:00",851131,
"2018-11-24 00:00:00",897522,
"2018-11-25 00:00:00",856216,
"2018-11-26 00:00:00",792614,
"2018-11-27 00:00:00",805741,
"2018-11-28 00:00:00",810979,
"2018-11-29 00:00:00",804956,
"2018-11-30 00:00:00",884564,
"2018-12-01 00:00:00",927372,
"2018-12-02 00:00:00",898667,
"2018-12-03 00:00:00",830881,
"2018-12-04 00:00:00",832684,
"2018-12-05 00:00:00",839782,
"2018-12-06 00:00:00",840054,
"2018-12-07 00:00:00",878200,
"2018-12-08 00:00:00",912235,
"2018-12-09 00:00:00",880955,
"2018-12-10 00:00:00",831909,
"2018-12-11 00:00:00",807682,
"2018-12-12 00:00:00",813949,
"2018-12-13 00:00:00",811348,
"2018-12-14 00:00:00",878143,
"2018-12-15 00:00:00",926855,
"2018-12-16 00:00:00",908968,
"2018-12-17 00:00:00",845277,
"2018-12-18 00:00:00",852889,
"2018-12-19 00:00:00",1042110,
"2018-12-20 00:00:00",1047464,
"2018-12-21 00:00:00",1077319,
"2018-12-22 00:00:00",1119014,
"2018-12-23 00:00:00",1082613,
"2018-12-24 00:00:00",974362,
"2018-12-25 00:00:00",969929,
"2018-12-26 00:00:00",1011873,
"2018-12-27 00:00:00",995066,
"2018-12-28 00:00:00",1003214,
"2018-12-29 00:00:00",1039988,
"2018-12-30 00:00:00",1039383,
"2018-12-31 00:00:00",926175,
"2019-01-01 00:00:00",986759,
"2019-01-02 00:00:00",988726,
"2019-01-03 00:00:00",978611,
"2019-01-04 00:00:00",1037423,
"2019-01-05 00:00:00",1091897,
"2019-01-06 00:00:00",1053933,
"2019-01-07 00:00:00",970440,
"2019-01-08 00:00:00",972455,
"2019-01-09 00:00:00",973687,
"2019-01-10 00:00:00",958155,
"2019-01-11 00:00:00",1002374,
"2019-01-12 00:00:00",1069995,
"2019-01-13 00:00:00",1051360,
"2019-01-14 00:00:00",975754,
"2019-01-15 00:00:00",973809,
"2019-01-16 00:00:00",962822,
"2019-01-17 00:00:00",955166,
"2019-01-18 00:00:00",978083,
"2019-01-19 00:00:00",1022828,
"2019-01-20 00:00:00",1027389,
"2019-01-21 00:00:00",933529,
"2019-01-22 00:00:00",911478,
"2019-01-23 00:00:00",929388,
"2019-01-24 00:00:00",891518,
"2019-01-25 00:00:00",884575,
"2019-01-26 00:00:00",935053,
"2019-01-27 00:00:00",947041,
"2019-01-28 00:00:00",875550,
"2019-01-29 00:00:00",787343,
"2019-01-30 00:00:00",797040,
"2019-01-31 00:00:00",800279,
"2019-02-01 00:00:00",793914,
"2019-02-02 00:00:00",809999,
"2019-02-03 00:00:00",787925,
"2019-02-04 00:00:00",558470,
"2019-02-05 00:00:00",662762,
"2019-02-06 00:00:00",690666,
"2019-02-07 00:00:00",709172,
"2019-02-08 00:00:00",747664,
"2019-02-09 00:00:00",804030,
"2019-02-10 00:00:00",852355,
"2019-02-11 00:00:00",835490,
"2019-02-12 00:00:00",845921,
"2019-02-13 00:00:00",858666,
"2019-02-14 00:00:00",801747,
"2019-02-15 00:00:00",891027,
"2019-02-16 00:00:00",923672,
"2019-02-17 00:00:00",931754,
"2019-02-18 00:00:00",893536,
"2019-02-19 00:00:00",845996,
"2019-02-20 00:00:00",859067,
"2019-02-21 00:00:00",871544,
"2019-02-22 00:00:00",882956,
"2019-02-23 00:00:00",915662,
"2019-02-24 00:00:00",891749,
"2019-02-25 00:00:00",830311,
"2019-02-26 00:00:00",833583,
"2019-02-27 00:00:00",759149,
"2019-02-28 00:00:00",816309,
"2019-03-01 00:00:00",869608,
"2019-03-02 00:00:00",904021,
"2019-03-03 00:00:00",855382,
"2019-03-04 00:00:00",791633,
"2019-03-05 00:00:00",796397,
"2019-03-06 00:00:00",787774,
"2019-03-07 00:00:00",786361,
"2019-03-08 00:00:00",830556,
"2019-03-09 00:00:00",898360,
"2019-03-10 00:00:00",836461,
"2019-03-11 00:00:00",791538,
"2019-03-12 00:00:00",783943,
"2019-03-13 00:00:00",785274,
"2019-03-14 00:00:00",800679,
"2019-03-15 00:00:00",860708,
"2019-03-16 00:00:00",905999,
"2019-03-17 00:00:00",860785,
"2019-03-18 00:00:00",795081,
"2019-03-19 00:00:00",792476,
"2019-03-20 00:00:00",784037,
"2019-03-21 00:00:00",796946,
"2019-03-22 00:00:00",870044,
"2019-03-23 00:00:00",889884,
"2019-03-24 00:00:00",856634,
"2019-03-25 00:00:00",773920,
"2019-03-26 00:00:00",766534,
"2019-03-27 00:00:00",773081,
"2019-03-28 00:00:00",843518,
"2019-03-29 00:00:00",913396,
"2019-03-30 00:00:00",942933,
"2019-03-31 00:00:00",911814,
"2019-04-01 00:00:00",839003,
"2019-04-02 00:00:00",831820,
"2019-04-03 00:00:00",854717,
"2019-04-04 00:00:00",899215,
"2019-04-05 00:00:00",864580,
"2019-04-06 00:00:00",847644,
"2019-04-07 00:00:00",857649,
"2019-04-08 00:00:00",801126,
"2019-04-09 00:00:00",816591,
"2019-04-10 00:00:00",780335,
"2019-04-11 00:00:00",809674,
"2019-04-12 00:00:00",870764,
"2019-04-13 00:00:00",896037,
"2019-04-14 00:00:00",855380,
"2019-04-15 00:00:00",794381,
"2019-04-16 00:00:00",736129,
"2019-04-17 00:00:00",736328,
"2019-04-18 00:00:00",745352,
"2019-04-19 00:00:00",815594,
"2019-04-20 00:00:00",839486,
"2019-04-21 00:00:00",800938,
"2019-04-22 00:00:00",792917,
"2019-04-23 00:00:00",770286,
"2019-04-24 00:00:00",717339,
"2019-04-25 00:00:00",762211,
"2019-04-26 00:00:00",809024,
"2019-04-27 00:00:00",824730,
"2019-04-28 00:00:00",829876,
"2019-04-29 00:00:00",782408,
"2019-04-30 00:00:00",825897,
"2019-05-01 00:00:00",799367,
"2019-05-02 00:00:00",768507,
"2019-05-03 00:00:00",811091,
"2019-05-04 00:00:00",807371,
"2019-05-05 00:00:00",824692,
"2019-05-06 00:00:00",787052,
"2019-05-07 00:00:00",785910,
"2019-05-08 00:00:00",790069,
"2019-05-09 00:00:00",753251,
"2019-05-10 00:00:00",791533,
"2019-05-11 00:00:00",822913,
"2019-05-12 00:00:00",784612,
"2019-05-13 00:00:00",734203,
"2019-05-14 00:00:00",736278,
"2019-05-15 00:00:00",737354,
"2019-05-16 00:00:00",727205,
"2019-05-17 00:00:00",762215,
"2019-05-18 00:00:00",820622,
"2019-05-19 00:00:00",787834,
"2019-05-20 00:00:00",694365,
"2019-05-21 00:00:00",722994,
"2019-05-22 00:00:00",727685,
"2019-05-23 00:00:00",680888,
"2019-05-24 00:00:00",754972,
"2019-05-25 00:00:00",786292,
"2019-05-26 00:00:00",759829,
"2019-05-27 00:00:00",719091,
"2019-05-28 00:00:00",704047,
"2019-05-29 00:00:00",702474,
"2019-05-30 00:00:00",709870,
"2019-05-31 00:00:00",747878,
"2019-06-01 00:00:00",747864,
"2019-06-02 00:00:00",732024,
"2019-06-03 00:00:00",686180,
"2019-06-04 00:00:00",692949,
"2019-06-05 00:00:00",710828,
"2019-06-06 00:00:00",713788,
"2019-06-07 00:00:00",704295,
"2019-06-08 00:00:00",740925,
"2019-06-09 00:00:00",723493,
"2019-06-10 00:00:00",707629,
"2019-06-11 00:00:00",697643,
"2019-06-12 00:00:00",693504,
"2019-06-13 00:00:00",694466,
"2019-06-14 00:00:00",716364,
"2019-06-15 00:00:00",749529,
"2019-06-16 00:00:00",730037,
"2019-06-17 00:00:00",690283,
"2019-06-18 00:00:00",672179,
"2019-06-19 00:00:00",663202,
"2019-06-20 00:00:00",675061,
"2019-06-21 00:00:00",699900,
"2019-06-22 00:00:00",726213,
"2019-06-23 00:00:00",709749,
"2019-06-24 00:00:00",666244,
"2019-06-25 00:00:00",673583,
"2019-06-26 00:00:00",739541,
"2019-06-27 00:00:00",699625,
"2019-06-28 00:00:00",729982,
"2019-06-29 00:00:00",735698,
"2019-06-30 00:00:00",710788,
"2019-07-01 00:00:00",668303,
"2019-07-02 00:00:00",688195,
"2019-07-03 00:00:00",689343,
"2019-07-04 00:00:00",686010,
"2019-07-05 00:00:00",692695,
"2019-07-06 00:00:00",716629,
"2019-07-07 00:00:00",717898,
"2019-07-08 00:00:00",679962,
"2019-07-09 00:00:00",676091,
"2019-07-10 00:00:00",670848,
"2019-07-11 00:00:00",658369,
"2019-07-12 00:00:00",660142,
"2019-07-13 00:00:00",673013,
"2019-07-14 00:00:00",670466,
"2019-07-15 00:00:00",631679,
"2019-07-16 00:00:00",604168,
"2019-07-17 00:00:00",621337,
"2019-07-18 00:00:00",631860,
"2019-07-19 00:00:00",649156,
"2019-07-20 00:00:00",661890,
"2019-07-21 00:00:00",669114,
"2019-07-22 00:00:00",643046,
"2019-07-23 00:00:00",624293,
"2019-07-24 00:00:00",706233,
"2019-07-25 00:00:00",724148,
"2019-07-26 00:00:00",732654,
"2019-07-27 00:00:00",747307,
"2019-07-28 00:00:00",751793,
"2019-07-29 00:00:00",734761,
"2019-07-30 00:00:00",731127,
"2019-07-31 00:00:00",740419,
"2019-08-01 00:00:00",721365,
"2019-08-02 00:00:00",726458,
"2019-08-03 00:00:00",736436,
"2019-08-04 00:00:00",748527,
"2019-08-05 00:00:00",712293,
"2019-08-06 00:00:00",703399,
"2019-08-07 00:00:00",657405,
"2019-08-08 00:00:00",703200,
"2019-08-09 00:00:00",725213,
"2019-08-10 00:00:00",744703,
"2019-08-11 00:00:00",756114,
"2019-08-12 00:00:00",727661,
"2019-08-13 00:00:00",719913,
"2019-08-14 00:00:00",720289,
"2019-08-15 00:00:00",708517,
"2019-08-16 00:00:00",709903,
"2019-08-17 00:00:00",723170,
"2019-08-18 00:00:00",723614,
"2019-08-19 00:00:00",689162,
"2019-08-20 00:00:00",665690,
"2019-08-21 00:00:00",685121,
"2019-08-22 00:00:00",670660,
"2019-08-23 00:00:00",680066,
"2019-08-24 00:00:00",687657,
"2019-08-25 00:00:00",699829,
"2019-08-26 00:00:00",675824,
"2019-08-27 00:00:00",654781,
"2019-08-28 00:00:00",649264,
"2019-08-29 00:00:00",629908,
"2019-08-30 00:00:00",658323,
"2019-08-31 00:00:00",665462,
"2019-09-01 00:00:00",646049,
"2019-09-02 00:00:00",619909,
"2019-09-03 00:00:00",613055,
"2019-09-04 00:00:00",607426,
"2019-09-05 00:00:00",592227,
"2019-09-06 00:00:00",629844,
"2019-09-07 00:00:00",664212,
"2019-09-08 00:00:00",628492,
"2019-09-09 00:00:00",586328,
"2019-09-10 00:00:00",580416,
"2019-09-11 00:00:00",594297,
"2019-09-12 00:00:00",610713,
"2019-09-13 00:00:00",586481,
"2019-09-14 00:00:00",625792,
"2019-09-15 00:00:00",617403,
"2019-09-16 00:00:00",577611,
"2019-09-17 00:00:00",590928,
"2019-09-18 00:00:00",584006,
"2019-09-19 00:00:00",576220,
"2019-09-20 00:00:00",612796,
"2019-09-21 00:00:00",642696,
"2019-09-22 00:00:00",612623,
"2019-09-23 00:00:00",567406,
"2019-09-24 00:00:00",563407,
"2019-09-25 00:00:00",553272,
"2019-09-26 00:00:00",563163,
"2019-09-27 00:00:00",578771,
"2019-09-28 00:00:00",597088,
"2019-09-29 00:00:00",588717,
"2019-09-30 00:00:00",587937,
"2019-10-01 00:00:00",570466,
"2019-10-02 00:00:00",575918,
"2019-10-03 00:00:00",573576,
"2019-10-04 00:00:00",585831,
"2019-10-05 00:00:00",610291,
"2019-10-06 00:00:00",636933,
"2019-10-07 00:00:00",582013,
"2019-10-08 00:00:00",575425,
"2019-10-09 00:00:00",565291,
"2019-10-10 00:00:00",546535,
"2019-10-11 00:00:00",580319,
"2019-10-12 00:00:00",585054,
"2019-10-13 00:00:00",572358,
"2019-10-14 00:00:00",546159,
"2019-10-15 00:00:00",520345,
"2019-10-16 00:00:00",539562,
"2019-10-17 00:00:00",514219,
"2019-10-18 00:00:00",559734,
"2019-10-19 00:00:00",571380,
"2019-10-20 00:00:00",555731,
"2019-10-21 00:00:00",526943,
"2019-10-22 00:00:00",530018,
"2019-10-23 00:00:00",603362,
"2019-10-24 00:00:00",611072,
"2019-10-25 00:00:00",639563,
"2019-10-26 00:00:00",614681,
"2019-10-27 00:00:00",611882,
"2019-10-28 00:00:00",586390,
"2019-10-29 00:00:00",517918,
"2019-10-30 00:00:00",538720,
"2019-10-31 00:00:00",543788,
"2019-11-01 00:00:00",574180,
"2019-11-02 00:00:00",545720,
"2019-11-03 00:00:00",525943,
"2019-11-04 00:00:00",561418,
"2019-11-05 00:00:00",560622,
"2019-11-06 00:00:00",604275,
"2019-11-07 00:00:00",592034,
"2019-11-08 00:00:00",611725,
"2019-11-09 00:00:00",663914,
"2019-11-10 00:00:00",562852,
"2019-11-11 00:00:00",601544,
"2019-11-12 00:00:00",610715,
"2019-11-13 00:00:00",615893,
"2019-11-14 00:00:00",597039,
"2019-11-15 00:00:00",633767,
"2019-11-16 00:00:00",670526,
"2019-11-17 00:00:00",661729,
"2019-11-18 00:00:00",622477,
"2019-11-19 00:00:00",605890,
"2019-11-20 00:00:00",619378,
"2019-11-21 00:00:00",634883,
"2019-11-22 00:00:00",647143,
"2019-11-23 00:00:00",680036,
"2019-11-24 00:00:00",684839,
"2019-11-25 00:00:00",650227,
"2019-11-26 00:00:00",635004,
"2019-11-27 00:00:00",646999,
"2019-11-28 00:00:00",634047,
"2019-11-29 00:00:00",671427,
"2019-11-30 00:00:00",700581,
"2019-12-01 00:00:00",686004,
"2019-12-02 00:00:00",627059,
"2019-12-03 00:00:00",613762,
"2019-12-04 00:00:00",625363,
"2019-12-05 00:00:00",622679,
"2019-12-06 00:00:00",652974,
"2019-12-07 00:00:00",693723,
"2019-12-08 00:00:00",665264,
"2019-12-09 00:00:00",615244,
"2019-12-10 00:00:00",606618,
"2019-12-11 00:00:00",613579,
"2019-12-12 00:00:00",599733,
"2019-12-13 00:00:00",633518,
"2019-12-14 00:00:00",670449,
"2019-12-15 00:00:00",646119,
"2019-12-16 00:00:00",602784,
"2019-12-17 00:00:00",593326,
"2019-12-18 00:00:00",597820,
"2019-12-19 00:00:00",585832,
"2019-12-20 00:00:00",606788,
"2019-12-21 00:00:00",661686,
"2019-12-22 00:00:00",645978,
"2019-12-23 00:00:00",612863,
"2019-12-24 00:00:00",565210,
"2019-12-25 00:00:00",594632,
"2019-12-26 00:00:00",617390,
"2019-12-27 00:00:00",643169,
"2019-12-28 00:00:00",669907,
"2019-12-29 00:00:00",638320,
"2019-12-30 00:00:00",614577,
"2019-12-31 00:00:00",567385,
"2020-01-01 00:00:00",614363,
"2020-01-02 00:00:00",599263,
"2020-01-03 00:00:00",632760,
"2020-01-04 00:00:00",651756,
"2020-01-05 00:00:00",650503,
"2020-01-06 00:00:00",610334,
"2020-01-07 00:00:00",606420,
"2020-01-08 00:00:00",609793,
"2020-01-09 00:00:00",613508,
"2020-01-10 00:00:00",593145,
"2020-01-11 00:00:00",610738,
"2020-01-12 00:00:00",603448,
"2020-01-13 00:00:00",549598,
"2020-01-14 00:00:00",542679,
"2020-01-15 00:00:00",533338,
"2020-01-16 00:00:00",499473,
"2020-01-17 00:00:00",498798,
"2020-01-18 00:00:00",508173,
"2020-01-19 00:00:00",513903,
"2020-01-20 00:00:00",483076,
"2020-01-21 00:00:00",475652,
"2020-01-22 00:00:00",528722,
"2020-01-23 00:00:00",500323,
"2020-01-24 00:00:00",339070,
"2020-01-25 00:00:00",404964,
"2020-01-26 00:00:00",451913,
"2020-01-27 00:00:00",457318,
"2020-01-28 00:00:00",474702,
"2020-01-29 00:00:00",497818,
"2020-01-30 00:00:00",516015,
"2020-01-31 00:00:00",540487,
"2020-02-01 00:00:00",566938,
"2020-02-02 00:00:00",581046,
"2020-02-03 00:00:00",562616,
"2020-02-04 00:00:00",563399,
"2020-02-05 00:00:00",572778,
"2020-02-06 00:00:00",572594,
"2020-02-07 00:00:00",582207,
"2020-02-08 00:00:00",595029,
"2020-02-09 00:00:00",604948,
"2020-02-10 00:00:00",579106,
"2020-02-11 00:00:00",582419,
"2020-02-12 00:00:00",578459,
"2020-02-13 00:00:00",569867,
"2020-02-14 00:00:00",559630,
"2020-02-15 00:00:00",590771,
"2020-02-16 00:00:00",591726,
"2020-02-17 00:00:00",562142,
"2020-02-18 00:00:00",555361,
"2020-02-19 00:00:00",614184,
"2020-02-20 00:00:00",577104,
"2020-02-21 00:00:00",583688,
"2020-02-22 00:00:00",586862,
"2020-02-23 00:00:00",584139,
"2020-02-24 00:00:00",542926,
"2020-02-25 00:00:00",544082,
"2020-02-26 00:00:00",550151,
"2020-02-27 00:00:00",534040,
"2020-02-28 00:00:00",548394,
"2020-02-29 00:00:00",569147,
"2020-03-01 00:00:00",562538,
"2020-03-02 00:00:00",532317,
"2020-03-03 00:00:00",528097,
"2020-03-04 00:00:00",532433,
"2020-03-05 00:00:00",521267,
"2020-03-06 00:00:00",541116,
"2020-03-07 00:00:00",559301,
"2020-03-08 00:00:00",552350,
"2020-03-09 00:00:00",497139,
"2020-03-10 00:00:00",511646,
"2020-03-11 00:00:00",499914,
"2020-03-12 00:00:00",500574,
"2020-03-13 00:00:00",523702,
"2020-03-14 00:00:00",525462,
"2020-03-15 00:00:00",515050,
"2020-03-16 00:00:00",486076,
"2020-03-17 00:00:00",471235,
"2020-03-18 00:00:00",488092,
"2020-03-19 00:00:00",495750,
"2020-03-20 00:00:00",501729,
"2020-03-21 00:00:00",525096,
"2020-03-22 00:00:00",527361,
"2020-03-23 00:00:00",573661,
"2020-03-24 00:00:00",534857,
"2020-03-25 00:00:00",546511,
"2020-03-26 00:00:00",551705,
"2020-03-27 00:00:00",558011,
"2020-03-28 00:00:00",565660,
"2020-03-29 00:00:00",562701,
"2020-03-30 00:00:00",530038,
"2020-03-31 00:00:00",508285,
"2020-04-01 00:00:00",596513,
"2020-04-02 00:00:00",567655,
"2020-04-03 00:00:00",560748,
"2020-04-04 00:00:00",925699,
"2020-04-05 00:00:00",565383,
"2020-04-06 00:00:00",548834,
"2020-04-07 00:00:00",519292,
"2020-04-08 00:00:00",494388,
"2020-04-09 00:00:00",498418,
"2020-04-10 00:00:00",523198,
"2020-04-11 00:00:00",543263,
"2020-04-12 00:00:00",520019,
"2020-04-13 00:00:00",490184,
"2020-04-14 00:00:00",478522,
"2020-04-15 00:00:00",456664,
"2020-04-16 00:00:00",458238,
"2020-04-17 00:00:00",475704,
"2020-04-18 00:00:00",491492,
"2020-04-19 00:00:00",480387,
"2020-04-20 00:00:00",458254,
"2020-04-21 00:00:00",456459,
"2020-04-22 00:00:00",573938,
"2020-04-23 00:00:00",562374,
"2020-04-24 00:00:00",581626,
"2020-04-25 00:00:00",581831,
"2020-04-26 00:00:00",568204,
"2020-04-27 00:00:00",560824,
"2020-04-28 00:00:00",558204,
"2020-04-29 00:00:00",518053,
"2020-04-30 00:00:00",516565,
"2020-05-01 00:00:00",505404,
"2020-05-02 00:00:00",481598,
"2020-05-03 00:00:00",499738,
"2020-05-04 00:00:00",505949,
"2020-05-05 00:00:00",497528,
"2020-05-06 00:00:00",495199,
"2020-05-07 00:00:00",500753,
"2020-05-08 00:00:00",504529,
"2020-05-09 00:00:00",526081,
"2020-05-10 00:00:00",506627,
"2020-05-11 00:00:00",495045,
"2020-05-12 00:00:00",486374,
"2020-05-13 00:00:00",493738,
"2020-05-14 00:00:00",503740,
"2020-05-15 00:00:00",480226,
"2020-05-16 00:00:00",507640,
"2020-05-17 00:00:00",487848,
"2020-05-18 00:00:00",472825,
"2020-05-19 00:00:00",471867,
"2020-05-20 00:00:00",516299,
"2020-05-21 00:00:00",528707,
"2020-05-22 00:00:00",527297,
"2020-05-23 00:00:00",553620,
"2020-05-24 00:00:00",551966,
"2020-05-25 00:00:00",543158,
"2020-05-26 00:00:00",533813,
"2020-05-27 00:00:00",530444,
"2020-05-28 00:00:00",511520,
"2020-05-29 00:00:00",531660,
"2020-05-30 00:00:00",554821,
"2020-05-31 00:00:00",531298,
"2020-06-01 00:00:00",499612,
"2020-06-02 00:00:00",494188,
"2020-06-03 00:00:00",499154,
"2020-06-04 00:00:00",499208,
"2020-06-05 00:00:00",537617,
"2020-06-06 00:00:00",546782,
"2020-06-07 00:00:00",527883,
"2020-06-08 00:00:00",504249,
"2020-06-09 00:00:00",484384,
"2020-06-10 00:00:00",478455,
"2020-06-11 00:00:00",471404,
"2020-06-12 00:00:00",489859,
"2020-06-13 00:00:00",499110,
"2020-06-14 00:00:00",490243,
"2020-06-15 00:00:00",474875,
"2020-06-16 00:00:00",470299,
"2020-06-17 00:00:00",493971,
"2020-06-18 00:00:00",470307,
"2020-06-19 00:00:00",492998,
"2020-06-20 00:00:00",506989,
"2020-06-21 00:00:00",495109,
"2020-06-22 00:00:00",476207,
"2020-06-23 00:00:00",458075,
"2020-06-24 00:00:00",474288,
"2020-06-25 00:00:00",461921,
"2020-06-26 00:00:00",468640,
"2020-06-27 00:00:00",474347,
"2020-06-28 00:00:00",469812,
"2020-06-29 00:00:00",463642,
"2020-06-30 00:00:00",448053,
"2020-07-01 00:00:00",459555,
"2020-07-02 00:00:00",461131,
"2020-07-03 00:00:00",467796,
"2020-07-04 00:00:00",489778,
"2020-07-05 00:00:00",476409,
"2020-07-06 00:00:00",457287,
"2020-07-07 00:00:00",457916,
"2020-07-08 00:00:00",452210,
"2020-07-09 00:00:00",442628,
"2020-07-10 00:00:00",450141,
"2020-07-11 00:00:00",457976,
"2020-07-12 00:00:00",449756,
"2020-07-13 00:00:00",425626,
"2020-07-14 00:00:00",423564,
"2020-07-15 00:00:00",407534,
"2020-07-16 00:00:00",405138,
"2020-07-17 00:00:00",421350,
"2020-07-18 00:00:00",427521,
"2020-07-19 00:00:00",420289,
"2020-07-20 00:00:00",399078,
"2020-07-21 00:00:00",389836,
"2020-07-22 00:00:00",468605,
"2020-07-23 00:00:00",443326,
"2020-07-24 00:00:00",450139,
"2020-07-25 00:00:00",456707,
"2020-07-26 00:00:00",468927,
"2020-07-27 00:00:00",450134,
"2020-07-28 00:00:00",438898,
"2020-07-29 00:00:00",440850,
"2020-07-30 00:00:00",435739,
"2020-07-31 00:00:00",439395,
"2020-08-01 00:00:00",443567,
"2020-08-02 00:00:00",428602,
"2020-08-03 00:00:00",435052,
"2020-08-04 00:00:00",431096,
"2020-08-05 00:00:00",422748,
"2020-08-06 00:00:00",412002,
"2020-08-07 00:00:00",414644,
"2020-08-08 00:00:00",411710,
"2020-08-09 00:00:00",409260,
"2020-08-10 00:00:00",409096,
"2020-08-11 00:00:00",400251,
"2020-08-12 00:00:00",408258,
"2020-08-13 00:00:00",390387,
"2020-08-14 00:00:00",389832,
"2020-08-15 00:00:00",398581,
"2020-08-16 00:00:00",403074,
"2020-08-17 00:00:00",385415,
"2020-08-18 00:00:00",381194,
"2020-08-19 00:00:00",404238,
"2020-08-20 00:00:00",374551,
"2020-08-21 00:00:00",365580,
"2020-08-22 00:00:00",387996,
"2020-08-23 00:00:00",394152,
"2020-08-24 00:00:00",382923,
"2020-08-25 00:00:00",344249,
"2020-08-26 00:00:00",387287,
"2020-08-27 00:00:00",366992,
"2020-08-28 00:00:00",384352,
"2020-08-29 00:00:00",396935,
"2020-08-30 00:00:00",380766,
"2020-08-31 00:00:00",375181,
"2020-09-01 00:00:00",371684,
"2020-09-02 00:00:00",383191,
"2020-09-03 00:00:00",368720,
"2020-09-04 00:00:00",378164,
"2020-09-05 00:00:00",390307,
"2020-09-06 00:00:00",393525,
"2020-09-07 00:00:00",378482,
"2020-09-08 00:00:00",365664,
"2020-09-09 00:00:00",370187,
"2020-09-10 00:00:00",375901,
"2020-09-11 00:00:00",384260,
"2020-09-12 00:00:00",404149,
"2020-09-13 00:00:00",396628,
"2020-09-14 00:00:00",375115,
"2020-09-15 00:00:00",371233,
"2020-09-16 00:00:00",358110,
"2020-09-17 00:00:00",362854,
"2020-09-18 00:00:00",364565,
"2020-09-19 00:00:00",381798,
"2020-09-20 00:00:00",371398,
"2020-09-21 00:00:00",343759,
"2020-09-22 00:00:00",336952,
"2020-09-23 00:00:00",335062,
"2020-09-24 00:00:00",327058,
"2020-09-25 00:00:00",338744,
"2020-09-26 00:00:00",342838,
"2020-09-27 00:00:00",336556,
"2020-09-28 00:00:00",336222,
"2020-09-29 00:00:00",334691,
"2020-09-30 00:00:00",325135,
"2020-10-01 00:00:00",304349,
"2020-10-02 00:00:00",322535,
"2020-10-03 00:00:00",332403,
"2020-10-04 00:00:00",333706,
"2020-10-05 00:00:00",312145,
"2020-10-06 00:00:00",321536,
"2020-10-07 00:00:00",338371,
"2020-10-08 00:00:00",328207,
"2020-10-09 00:00:00",332041,
"2020-10-10 00:00:00",354872,
"2020-10-11 00:00:00",341001,
"2020-10-12 00:00:00",318080,
"2020-10-13 00:00:00",319650,
"2020-10-14 00:00:00",317312,
"2020-10-15 00:00:00",322090,
"2020-10-16 00:00:00",325227,
"2020-10-17 00:00:00",326320,
"2020-10-18 00:00:00",338658,
"2020-10-19 00:00:00",314156,
"2020-10-20 00:00:00",304894,
"2020-10-21 00:00:00",367499,
"2020-10-22 00:00:00",359911,
"2020-10-23 00:00:00",363319,
"2020-10-24 00:00:00",381079,
"2020-10-25 00:00:00",360700,
"2020-10-26 00:00:00",362304,
"2020-10-27 00:00:00",366312,
"2020-10-28 00:00:00",365878,
"2020-10-29 00:00:00",355108,
"2020-10-30 00:00:00",363275,
"2020-10-31 00:00:00",333173,
"2020-11-01 00:00:00",377047,
"2020-11-02 00:00:00",347125,
"2020-11-03 00:00:00",346450,
"2020-11-04 00:00:00",355278,
"2020-11-05 00:00:00",334974,
"2020-11-06 00:00:00",364611,
"2020-11-07 00:00:00",385002,
"2020-11-08 00:00:00",384175,
"2020-11-09 00:00:00",359602,
"2020-11-10 00:00:00",357919,
"2020-11-11 00:00:00",350719,
"2020-11-12 00:00:00",360353,
"2020-11-13 00:00:00",381217,
"2020-11-14 00:00:00",404048,
"2020-11-15 00:00:00",408172,
"2020-11-16 00:00:00",374680,
"2020-11-17 00:00:00",382107,
"2020-11-18 00:00:00",393675,
"2020-11-19 00:00:00",388209,
"2020-11-20 00:00:00",400441,
"2020-11-21 00:00:00",435473,
"2020-11-22 00:00:00",433839,
"2020-11-23 00:00:00",405145,
"2020-11-24 00:00:00",394582,
"2020-11-25 00:00:00",396957,
"2020-11-26 00:00:00",402714,
"2020-11-27 00:00:00",417104,
"2020-11-28 00:00:00",440877,
"2020-11-29 00:00:00",438119,
"2020-11-30 00:00:00",406080,
"2020-12-01 00:00:00",400859,
"2020-12-02 00:00:00",413921,
"2020-12-03 00:00:00",402951,
"2020-12-04 00:00:00",412461,
"2020-12-05 00:00:00",435718,
"2020-12-06 00:00:00",434478,
"2020-12-07 00:00:00",402995,
"2020-12-08 00:00:00",396208,
"2020-12-09 00:00:00",390512,
"2020-12-10 00:00:00",370749,
"2020-12-11 00:00:00",389069,
"2020-12-12 00:00:00",412664,
"2020-12-13 00:00:00",411293,
"2020-12-14 00:00:00",379089,
"2020-12-15 00:00:00",366717,
"2020-12-16 00:00:00",413505,
"2020-12-17 00:00:00",411777,
"2020-12-18 00:00:00",424603,
"2020-12-19 00:00:00",445857,
"2020-12-20 00:00:00",443468,
"2020-12-21 00:00:00",411781,
"2020-12-22 00:00:00",411995,
"2020-12-23 00:00:00",399264,
"2020-12-24 00:00:00",384577,
"2020-12-25 00:00:00",391729,
"2020-12-26 00:00:00",440637,
"2020-12-27 00:00:00",447894,
"2020-12-28 00:00:00",419305,
"2020-12-29 00:00:00",422479,
"2020-12-30 00:00:00",414897,
"2020-12-31 00:00:00",358893,
"2021-01-01 00:00:00",416747,
"2021-01-02 00:00:00",426721,
"2021-01-03 00:00:00",438959,
"2021-01-04 00:00:00",420318,
"2021-01-05 00:00:00",419119,
"2021-01-06 00:00:00",425430,
"2021-01-07 00:00:00",432574,
"2021-01-08 00:00:00",429530,
"2021-01-09 00:00:00",454324,
"2021-01-10 00:00:00",451649,
"2021-01-11 00:00:00",416055,
"2021-01-12 00:00:00",414614,
"2021-01-13 00:00:00",413897,
"2021-01-14 00:00:00",410936,
"2021-01-15 00:00:00",421204,
"2021-01-16 00:00:00",444153,
"2021-01-17 00:00:00",453629,
"2021-01-18 00:00:00",424562,
"2021-01-19 00:00:00",424118,
"2021-01-20 00:00:00",429872,
"2021-01-21 00:00:00",421397,
"2021-01-22 00:00:00",431689,
"2021-01-23 00:00:00",452989,
"2021-01-24 00:00:00",456784,
"2021-01-25 00:00:00",430231,
"2021-01-26 00:00:00",427413,
"2021-01-27 00:00:00",431708,
"2021-01-28 00:00:00",430954,
"2021-01-29 00:00:00",430294,
"2021-01-30 00:00:00",451631,
"2021-01-31 00:00:00",457281,
"2021-02-01 00:00:00",429621,
"2021-02-02 00:00:00",424040,
"2021-02-03 00:00:00",421649,
"2021-02-04 00:00:00",415688,
"2021-02-05 00:00:00",394483,
"2021-02-06 00:00:00",415745,
"2021-02-07 00:00:00",410402,
"2021-02-08 00:00:00",391746,
"2021-02-09 00:00:00",384591,
"2021-02-10 00:00:00",374636,
"2021-02-11 00:00:00",281878,
"2021-02-12 00:00:00",346770,
"2021-02-13 00:00:00",364886,
"2021-02-14 00:00:00",374450,
"2021-02-15 00:00:00",389632,
"2021-02-16 00:00:00",398518,
"2021-02-17 00:00:00",361572,
"2021-02-18 00:00:00",416467,
"2021-02-19 00:00:00",432598,
"2021-02-20 00:00:00",439571,
"2021-02-21 00:00:00",440972,
"2021-02-22 00:00:00",433439,
"2021-02-23 00:00:00",435736,
"2021-02-24 00:00:00",429928,
"2021-02-25 00:00:00",430872,
"2021-02-26 00:00:00",436835,
"2021-02-27 00:00:00",447430,
"2021-02-28 00:00:00",460071,
"2021-03-01 00:00:00",436014,
"2021-03-02 00:00:00",429068,
"2021-03-03 00:00:00",425257,
"2021-03-04 00:00:00",421918,
"2021-03-05 00:00:00",444052,
"2021-03-06 00:00:00",462347,
"2021-03-07 00:00:00",451829,
"2021-03-08 00:00:00",418039,
"2021-03-09 00:00:00",413354,
"2021-03-10 00:00:00",384359,
"2021-03-11 00:00:00",421501,
"2021-03-12 00:00:00",450496,
"2021-03-13 00:00:00",454613,
"2021-03-14 00:00:00",442758,
"2021-03-15 00:00:00",422559,
"2021-03-16 00:00:00",419658,
"2021-03-17 00:00:00",415407,
"2021-03-18 00:00:00",445227,
"2021-03-19 00:00:00",467758,
"2021-03-20 00:00:00",462232,
"2021-03-21 00:00:00",466356,
"2021-03-22 00:00:00",430104,
"2021-03-23 00:00:00",421849,
"2021-03-24 00:00:00",402118,
"2021-03-25 00:00:00",403281,
"2021-03-26 00:00:00",430868,
"2021-03-27 00:00:00",428391,
"2021-03-28 00:00:00",406055,
"2021-03-29 00:00:00",408211,
"2021-03-30 00:00:00",408004,
"2021-03-31 00:00:00",435475,
"2021-04-01 00:00:00",438258,
"2021-04-02 00:00:00",451952,
"2021-04-03 00:00:00",454912,
"2021-04-04 00:00:00",458345,
"2021-04-05 00:00:00",438287,
"2021-04-06 00:00:00",419519,
"2021-04-07 00:00:00",416735,
"2021-04-08 00:00:00",408832,
"2021-04-09 00:00:00",431349,
"2021-04-10 00:00:00",448948,
"2021-04-11 00:00:00",443757,
"2021-04-12 00:00:00",408524,
"2021-04-13 00:00:00",384902,
"2021-04-14 00:00:00",409742,
"2021-04-15 00:00:00",387987,
"2021-04-16 00:00:00",413188,
"2021-04-17 00:00:00",418899,
"2021-04-18 00:00:00",404780,
"2021-04-19 00:00:00",383635,
"2021-04-20 00:00:00",372970,
"2021-04-21 00:00:00",385074,
"2021-04-22 00:00:00",382116,
"2021-04-23 00:00:00",412187,
"2021-04-24 00:00:00",409347,
"2021-04-25 00:00:00",405998,
"2021-04-26 00:00:00",382315,
"2021-04-27 00:00:00",377525,
"2021-04-28 00:00:00",395897,
"2021-04-29 00:00:00",387764,
"2021-04-30 00:00:00",383798,
"2021-05-01 00:00:00",368599,
"2021-05-02 00:00:00",374847,
"2021-05-03 00:00:00",382627,
"2021-05-04 00:00:00",399320,
"2021-05-05 00:00:00",399850,
"2021-05-06 00:00:00",389252,
"2021-05-07 00:00:00",401113,
"2021-05-08 00:00:00",418917,
"2021-05-09 00:00:00",393069,
"2021-05-10 00:00:00",387681,
"2021-05-11 00:00:00",379741,
"2021-05-12 00:00:00",384783,
"2021-05-13 00:00:00",383527,
"2021-05-14 00:00:00",403406,
"2021-05-15 00:00:00",419509,
"2021-05-16 00:00:00",412401,
"2021-05-17 00:00:00",386143,
"2021-05-18 00:00:00",391654,
"2021-05-19 00:00:00",384241,
"2021-05-20 00:00:00",354763,
"2021-05-21 00:00:00",369018,
"2021-05-22 00:00:00",400235,
"2021-05-23 00:00:00",385756,
"2021-05-24 00:00:00",389897,
"2021-05-25 00:00:00",387505,
"2021-05-26 00:00:00",399055,
"2021-05-27 00:00:00",391255,
"2021-05-28 00:00:00",398299,
"2021-05-29 00:00:00",411161,
"2021-05-30 00:00:00",396742,
"2021-05-31 00:00:00",377825,
"2021-06-01 00:00:00",364870,
"2021-06-02 00:00:00",413576,
"2021-06-03 00:00:00",416239,
"2021-06-04 00:00:00",421077,
"2021-06-05 00:00:00",431012,
"2021-06-06 00:00:00",420950,
"2021-06-07 00:00:00",396295,
"2021-06-08 00:00:00",395550,
"2021-06-09 00:00:00",394818,
"2021-06-10 00:00:00",390075,
"2021-06-11 00:00:00",395110,
"2021-06-12 00:00:00",393578,
"2021-06-13 00:00:00",398598,
"2021-06-14 00:00:00",393727,
"2021-06-15 00:00:00",378535,
"2021-06-16 00:00:00",374559,
"2021-06-17 00:00:00",364646,
"2021-06-18 00:00:00",380337,
"2021-06-19 00:00:00",381119,
"2021-06-20 00:00:00",377065,
"2021-06-21 00:00:00",365077,
"2021-06-22 00:00:00",359676,
"2021-06-23 00:00:00",359262,
"2021-06-24 00:00:00",362019,
"2021-06-25 00:00:00",377699,
"2021-06-26 00:00:00",384192,
"2021-06-27 00:00:00",378630,
"2021-06-28 00:00:00",369933,
"2021-06-29 00:00:00",373893,
"2021-06-30 00:00:00",372133,
"2021-07-01 00:00:00",374799,
"2021-07-02 00:00:00",398307,
"2021-07-03 00:00:00",404319,
"2021-07-04 00:00:00",395824,
"2021-07-05 00:00:00",378648,
"2021-07-06 00:00:00",375624,
"2021-07-07 00:00:00",413414,
"2021-07-08 00:00:00",398363,
"2021-07-09 00:00:00",401500,
"2021-07-10 00:00:00",412815,
"2021-07-11 00:00:00",410019,
"2021-07-12 00:00:00",382769,
"2021-07-13 00:00:00",389784,
"2021-07-14 00:00:00",386456,
"2021-07-15 00:00:00",383892,
"2021-07-16 00:00:00",398253,
"2021-07-17 00:00:00",403070,
"2021-07-18 00:00:00",401529,
"2021-07-19 00:00:00",389722,
"2021-07-20 00:00:00",377131,
"2021-07-21 00:00:00",383292,
"2021-07-22 00:00:00",375771,
"2021-07-23 00:00:00",385766,
"2021-07-24 00:00:00",393318,
"2021-07-25 00:00:00",396804,
"2021-07-26 00:00:00",385404,
"2021-07-27 00:00:00",372518,
"2021-07-28 00:00:00",385804,
"2021-07-29 00:00:00",381805,
"2021-07-30 00:00:00",383674,
"2021-07-31 00:00:00",386898,
"2021-08-01 00:00:00",381960,
"2021-08-02 00:00:00",373780,
"2021-08-03 00:00:00",363946,
"2021-08-04 00:00:00",393195,
"2021-08-05 00:00:00",408750,
"2021-08-06 00:00:00",413380,
"2021-08-07 00:00:00",416393,
"2021-08-08 00:00:00",414164,
"2021-08-09 00:00:00",403277,
"2021-08-10 00:00:00",429774,
"2021-08-11 00:00:00",444442,
"2021-08-12 00:00:00",432470,
"2021-08-13 00:00:00",426415,
"2021-08-14 00:00:00",406819,
"2021-08-15 00:00:00",431295,
"2021-08-16 00:00:00",405600,
"2021-08-17 00:00:00",316791,
"2021-08-18 00:00:00",376843,
"2021-08-19 00:00:00",367735,
"2021-08-20 00:00:00",388254,
"2021-08-21 00:00:00",398024,
"2021-08-22 00:00:00",394497,
"2021-08-23 00:00:00",387539,
"2021-08-24 00:00:00",387266,
"2021-08-25 00:00:00",379443,
"2021-08-26 00:00:00",377261,
"2021-08-27 00:00:00",384586,
"2021-08-28 00:00:00",393691,
"2021-08-29 00:00:00",384649,
"2021-08-30 00:00:00",381883,
"2021-08-31 00:00:00",377962,
"2021-09-01 00:00:00",372900,
"2021-09-02 00:00:00",364825,
"2021-09-03 00:00:00",384282,
"2021-09-04 00:00:00",400709,
"2021-09-05 00:00:00",389126,
"2021-09-06 00:00:00",366029,
"2021-09-07 00:00:00",349998,
"2021-09-08 00:00:00",370526,
"2021-09-09 00:00:00",362083,
"2021-09-10 00:00:00",371311,
"2021-09-11 00:00:00",384242,
"2021-09-12 00:00:00",371851,
"2021-09-13 00:00:00",355271,
"2021-09-14 00:00:00",353151,
"2021-09-15 00:00:00",356156,
"2021-09-16 00:00:00",357308,
"2021-09-17 00:00:00",371708,
"2021-09-18 00:00:00",375265,
"2021-09-19 00:00:00",382426,
"2021-09-20 00:00:00",374697,
"2021-09-21 00:00:00",355425,
"2021-09-22 00:00:00",364982,
"2021-09-23 00:00:00",356971,
"2021-09-24 00:00:00",377103,
"2021-09-25 00:00:00",365949,
"2021-09-26 00:00:00",342079,
"2021-09-27 00:00:00",337765,
"2021-09-28 00:00:00",324410,
"2021-09-29 00:00:00",334074,
"2021-09-30 00:00:00",329057,
"2021-10-01 00:00:00",331054,
"2021-10-02 00:00:00",333166,
"2021-10-03 00:00:00",337804,
"2021-10-04 00:00:00",342437,
"2021-10-05 00:00:00",341912,
"2021-10-06 00:00:00",377217,
"2021-10-07 00:00:00",370964,
"2021-10-08 00:00:00",370381,
"2021-10-09 00:00:00",393772,
"2021-10-10 00:00:00",389449,
"2021-10-11 00:00:00",342617,
"2021-10-12 00:00:00",328692,
"2021-10-13 00:00:00",322666,
"2021-10-14 00:00:00",325030,
"2021-10-15 00:00:00",334994,
"2021-10-16 00:00:00",347298,
"2021-10-17 00:00:00",331260,
"2021-10-18 00:00:00",309353,
"2021-10-19 00:00:00",316872,
"2021-10-20 00:00:00",336676,
"2021-10-21 00:00:00",324161,
"2021-10-22 00:00:00",328114,
"2021-10-23 00:00:00",334657,
"2021-10-24 00:00:00",335468,
"2021-10-25 00:00:00",315807,
"2021-10-26 00:00:00",317576,
"2021-10-27 00:00:00",323384,
"2021-10-28 00:00:00",325421,
"2021-10-29 00:00:00",335193,
"2021-10-30 00:00:00",330768,
"2021-10-31 00:00:00",318334,
"2021-11-01 00:00:00",319162,
"2021-11-02 00:00:00",311414,
"2021-11-03 00:00:00",297475,
"2021-11-04 00:00:00",298593,
"2021-11-05 00:00:00",317158,
"2021-11-06 00:00:00",261062,
"2021-11-07 00:00:00",328192,
"2021-11-08 00:00:00",293759,
"2021-11-09 00:00:00",286248,
"2021-11-10 00:00:00",286167,
"2021-11-11 00:00:00",282120,
"2021-11-12 00:00:00",313709,
"2021-11-13 00:00:00",331588,
"2021-11-14 00:00:00",327718,
"2021-11-15 00:00:00",304020,
"2021-11-16 00:00:00",298752,
"2021-11-17 00:00:00",302177,
"2021-11-18 00:00:00",300255,
"2021-11-19 00:00:00",304479,
"2021-11-20 00:00:00",329843,
"2021-11-21 00:00:00",332963,
"2021-11-22 00:00:00",311004,
"2021-11-23 00:00:00",300410,
"2021-11-24 00:00:00",309369,
"2021-11-25 00:00:00",305952,
"2021-11-26 00:00:00",329397,
"2021-11-27 00:00:00",341570,
"2021-11-28 00:00:00",344841,
"2021-11-29 00:00:00",323965,
"2021-11-30 00:00:00",318236,
"2021-12-01 00:00:00",323237,
"2021-12-02 00:00:00",323152,
"2021-12-03 00:00:00",346402,
"2021-12-04 00:00:00",359198,
"2021-12-05 00:00:00",358776,
"2021-12-06 00:00:00",332716,
"2021-12-07 00:00:00",330218,
"2021-12-08 00:00:00",332319,
"2021-12-09 00:00:00",333090,
"2021-12-10 00:00:00",358729,
"2021-12-11 00:00:00",363651,
"2021-12-12 00:00:00",366455,
"2021-12-13 00:00:00",341871,
"2021-12-14 00:00:00",334295,
"2021-12-15 00:00:00",334295,
"2021-12-16 00:00:00",320240,
"2021-12-17 00:00:00",339944,
"2021-12-18 00:00:00",344591,
"2021-12-19 00:00:00",335726,
"2021-12-20 00:00:00",325213,
"2021-12-21 00:00:00",325776,
"2021-12-22 00:00:00",331114,
"2021-12-23 00:00:00",322298,
"2021-12-24 00:00:00",325149,
"2021-12-25 00:00:00",333724,
"2021-12-26 00:00:00",340260,
"2021-12-27 00:00:00",328271,
"2021-12-28 00:00:00",325726,
"2021-12-29 00:00:00",321938,
"2021-12-30 00:00:00",317979,
"2021-12-31 00:00:00",279623,
"2022-01-01 00:00:00",325101,
"2022-01-02 00:00:00",346215,
"2022-01-03 00:00:00",336367,
"2022-01-04 00:00:00",331819,
"2022-01-05 00:00:00",333813,
"2022-01-06 00:00:00",331935,
"2022-01-07 00:00:00",337494,
"2022-01-08 00:00:00",356557,
"2022-01-09 00:00:00",351766,
"2022-01-10 00:00:00",318253,
"2022-01-11 00:00:00",22055,
"2022-01-12 00:00:00",668706,
"2022-01-13 00:00:00",625564,
"2022-01-14 00:00:00",657135,
"2022-01-15 00:00:00",691794,
"2022-01-16 00:00:00",699792,
"2022-01-17 00:00:00",598428,
"2022-01-18 00:00:00",576680,
"2022-01-19 00:00:00",567516,
"2022-01-20 00:00:00",528575,
"2022-01-21 00:00:00",547706,
"2022-01-22 00:00:00",595781,
"2022-01-23 00:00:00",604711,
"2022-01-24 00:00:00",526863,
"2022-01-25 00:00:00",505694,
"2022-01-26 00:00:00",515678,
"2022-01-27 00:00:00",489753,
"2022-01-28 00:00:00",492345,
"2022-01-29 00:00:00",495759,
"2022-01-30 00:00:00",477696,
"2022-01-31 00:00:00",346254,
"2022-02-01 00:00:00",397262,
"2022-02-02 00:00:00",407619,
"2022-02-03 00:00:00",415508,
"2022-02-04 00:00:00",422878,
"2022-02-05 00:00:00",457191,
"2022-02-06 00:00:00",481932,
"2022-02-07 00:00:00",461305,
"2022-02-08 00:00:00",468317,
"2022-02-09 00:00:00",467435,
"2022-02-10 00:00:00",461856,
"2022-02-11 00:00:00",491760,
"2022-02-12 00:00:00",515551,
"2022-02-13 00:00:00",522447,
"2022-02-14 00:00:00",442296,
"2022-02-15 00:00:00",458401,
"2022-02-16 00:00:00",483587,
"2022-02-17 00:00:00",487746,
"2022-02-18 00:00:00",505977,
"2022-02-19 00:00:00",532115,
"2022-02-20 00:00:00",529134,
"2022-02-21 00:00:00",492578,
"2022-02-22 00:00:00",489072,
"2022-02-23 00:00:00",516443,
"2022-02-24 00:00:00",469031,
"2022-02-25 00:00:00",498762,
"2022-02-26 00:00:00",517585,
"2022-02-27 00:00:00",514654,
"2022-02-28 00:00:00",473313,
"2022-03-01 00:00:00",468649,
"2022-03-02 00:00:00",466001,
"2022-03-03 00:00:00",472648,
"2022-03-04 00:00:00",490902,
"2022-03-05 00:00:00",509627,
"2022-03-06 00:00:00",503148,
"2022-03-07 00:00:00",466143,
"2022-03-08 00:00:00",454552,
"2022-03-09 00:00:00",451633,
"2022-03-10 00:00:00",451752,
"2022-03-11 00:00:00",482055,
"2022-03-12 00:00:00",499034,
"2022-03-13 00:00:00",490467,
"2022-03-14 00:00:00",446017,
"2022-03-15 00:00:00",440756,
"2022-03-16 00:00:00",405236,
"2022-03-17 00:00:00",485385,
"2022-03-18 00:00:00",506435,
"2022-03-19 00:00:00",533702,
"2022-03-20 00:00:00",528270,
"2022-03-21 00:00:00",492352,
"2022-03-22 00:00:00",467040,
"2022-03-23 00:00:00",499580,
"2022-03-24 00:00:00",477218,
"2022-03-25 00:00:00",512632,
"2022-03-26 00:00:00",536252,
"2022-03-27 00:00:00",523928,
"2022-03-28 00:00:00",487644,
"2022-03-29 00:00:00",483450,
"2022-03-30 00:00:00",504990,
"2022-03-31 00:00:00",500106,
"2022-04-01 00:00:00",523475,
"2022-04-02 00:00:00",527621,
"2022-04-03 00:00:00",526974,
"2022-04-04 00:00:00",498963,
"2022-04-05 00:00:00",482048,
"2022-04-06 00:00:00",462482,
"2022-04-07 00:00:00",448712,
"2022-04-08 00:00:00",469750,
"2022-04-09 00:00:00",511447,
"2022-04-10 00:00:00",491050,
"2022-04-11 00:00:00",443687,
"2022-04-12 00:00:00",447530,
"2022-04-13 00:00:00",487174,
"2022-04-14 00:00:00",483777,
"2022-04-15 00:00:00",510222,
"2022-04-16 00:00:00",524023,
"2022-04-17 00:00:00",518720,
"2022-04-18 00:00:00",482960,
"2022-04-19 00:00:00",465294,
"2022-04-20 00:00:00",461703,
"2022-04-21 00:00:00",455394,
"2022-04-22 00:00:00",478732,
"2022-04-23 00:00:00",480207,
"2022-04-24 00:00:00",481521,
"2022-04-25 00:00:00",450479,
"2022-04-26 00:00:00",442423,
"2022-04-27 00:00:00",448870,
"2022-04-28 00:00:00",447273,
"2022-04-29 00:00:00",455322,
"2022-04-30 00:00:00",470430,
"2022-05-01 00:00:00",467271,
"2022-05-02 00:00:00",445167,
"2022-05-03 00:00:00",451653,
"2022-05-04 00:00:00",439176,
"2022-05-05 00:00:00",441946,
"2022-05-06 00:00:00",431607,
"2022-05-07 00:00:00",470056,
"2022-05-08 00:00:00",463782,
"2022-05-09 00:00:00",442090,
"2022-05-10 00:00:00",431128,
"2022-05-11 00:00:00",447497,
"2022-05-12 00:00:00",438767,
"2022-05-13 00:00:00",431497,
"2022-05-14 00:00:00",442394,
"2022-05-15 00:00:00",433331,
"2022-05-16 00:00:00",405220,
"2022-05-17 00:00:00",407292,
"2022-05-18 00:00:00",386083,
"2022-05-19 00:00:00",404809,
"2022-05-20 00:00:00",371394,
"2022-05-21 00:00:00",408363,
"2022-05-22 00:00:00",420015,
"2022-05-23 00:00:00",390308,
"2022-05-24 00:00:00",377483,
"2022-05-25 00:00:00",402940,
"2022-05-26 00:00:00",406847,
"2022-05-27 00:00:00",420024,
"2022-05-28 00:00:00",434814,
"2022-05-29 00:00:00",425461,
"2022-05-30 00:00:00",397136,
"2022-05-31 00:00:00",392725,
"2022-06-01 00:00:00",381537,
"2022-06-02 00:00:00",391474,
"2022-06-03 00:00:00",389028,
"2022-06-04 00:00:00",406250,
"2022-06-05 00:00:00",414321,
"2022-06-06 00:00:00",388002,
"2022-06-07 00:00:00",374777,
"2022-06-08 00:00:00",392649,
"2022-06-09 00:00:00",364795,
"2022-06-10 00:00:00",386700,
"2022-06-11 00:00:00",411873,
"2022-06-12 00:00:00",407132,
"2022-06-13 00:00:00",381387,
"2022-06-14 00:00:00",367516,
"2022-06-15 00:00:00",363510,
"2022-06-16 00:00:00",354932,
"2022-06-17 00:00:00",362452,
"2022-06-18 00:00:00",381560,
"2022-06-19 00:00:00",383652,
"2022-06-20 00:00:00",368747,
"2022-06-21 00:00:00",362216,
"2022-06-22 00:00:00",374635,
"2022-06-23 00:00:00",360953,
"2022-06-24 00:00:00",365130,
"2022-06-25 00:00:00",371579,
"2022-06-26 00:00:00",381940,
"2022-06-27 00:00:00",359978,
"2022-06-28 00:00:00",353383,
"2022-06-29 00:00:00",350926,
"2022-06-30 00:00:00",343915,
"2022-07-01 00:00:00",352725,
"2022-07-02 00:00:00",365016,
"2022-07-03 00:00:00",367218,
"2022-07-04 00:00:00",345422,
"2022-07-05 00:00:00",336162,
"2022-07-06 00:00:00",325018,
"2022-07-07 00:00:00",321339,
"2022-07-08 00:00:00",323313,
"2022-07-09 00:00:00",336560,
"2022-07-10 00:00:00",336046,
"2022-07-11 00:00:00",324044,
"2022-07-12 00:00:00",317500,
"2022-07-13 00:00:00",394124,
"2022-07-14 00:00:00",378465,
"2022-07-15 00:00:00",377330,
"2022-07-16 00:00:00",390006,
"2022-07-17 00:00:00",391820,
"2022-07-18 00:00:00",370958,
"2022-07-19 00:00:00",370956,
"2022-07-20 00:00:00",368841,
"2022-07-21 00:00:00",366042,
"2022-07-22 00:00:00",377501,
"2022-07-23 00:00:00",381204,
"2022-07-24 00:00:00",378491,
"2022-07-25 00:00:00",357827,
"2022-07-26 00:00:00",352756,
"2022-07-27 00:00:00",366739,
"2022-07-28 00:00:00",361132,
"2022-07-29 00:00:00",365361,
"2022-07-30 00:00:00",378838,
"2022-07-31 00:00:00",378684,
"2022-08-01 00:00:00",364301,
"2022-08-02 00:00:00",356071,
"2022-08-03 00:00:00",360837,
"2022-08-04 00:00:00",332331,
"2022-08-05 00:00:00",374795,
"2022-08-06 00:00:00",376811,
"2022-08-07 00:00:00",377786,
"2022-08-08 00:00:00",375188,
"2022-08-09 00:00:00",374224,
"2022-08-10 00:00:00",379136,
"2022-08-11 00:00:00",373309,
"2022-08-12 00:00:00",385794,
"2022-08-13 00:00:00",383900,
"2022-08-14 00:00:00",392789,
"2022-08-15 00:00:00",387832,
"2022-08-16 00:00:00",376576,
"2022-08-17 00:00:00",375145,
"2022-08-18 00:00:00",370162,
"2022-08-19 00:00:00",373948,
"2022-08-20 00:00:00",384543,
"2022-08-21 00:00:00",385301,
"2022-08-22 00:00:00",367958,
"2022-08-23 00:00:00",366593,
"2022-08-24 00:00:00",375165,
"2022-08-25 00:00:00",369124,
"2022-08-26 00:00:00",376915,
"2022-08-27 00:00:00",390882,
"2022-08-28 00:00:00",396248,
"2022-08-29 00:00:00",373687,
"2022-08-30 00:00:00",374390,
"2022-08-31 00:00:00",373729,
"2022-09-01 00:00:00",359858,
"2022-09-02 00:00:00",375989,
"2022-09-03 00:00:00",398251,
"2022-09-04 00:00:00",391887,
"2022-09-05 00:00:00",375798,
"2022-09-06 00:00:00",374434,
"2022-09-07 00:00:00",408731,
"2022-09-08 00:00:00",406459,
"2022-09-09 00:00:00",413251,
"2022-09-10 00:00:00",412853,
"2022-09-11 00:00:00",442131,
"2022-09-12 00:00:00",423516,
"2022-09-13 00:00:00",425046,
"2022-09-14 00:00:00",422697,
"2022-09-15 00:00:00",419073,
"2022-09-16 00:00:00",433211,
"2022-09-17 00:00:00",450209,
"2022-09-18 00:00:00",450560,
"2022-09-19 00:00:00",415148,
"2022-09-20 00:00:00",400440,
"2022-09-21 00:00:00",411321,
"2022-09-22 00:00:00",398820,
"2022-09-23 00:00:00",412428,
"2022-09-24 00:00:00",448831,
"2022-09-25 00:00:00",428278,
"2022-09-26 00:00:00",395133,
"2022-09-27 00:00:00",388139,
"2022-09-28 00:00:00",401459,
"2022-09-29 00:00:00",395224,
"2022-09-30 00:00:00",396705,
"2022-10-01 00:00:00",398806,
"2022-10-02 00:00:00",407496,
"2022-10-03 00:00:00",400571,
"2022-10-04 00:00:00",395381,
"2022-10-05 00:00:00",407002,
"2022-10-06 00:00:00",408948,
"2022-10-07 00:00:00",400992,
"2022-10-08 00:00:00",397738,
"2022-10-09 00:00:00",410712,
"2022-10-10 00:00:00",380974,
"2022-10-11 00:00:00",369054,
"2022-10-12 00:00:00",382014,
"2022-10-13 00:00:00",373752,
"2022-10-14 00:00:00",385773,
"2022-10-15 00:00:00",428676,
"2022-10-16 00:00:00",423688,
"2022-10-17 00:00:00",391409,
"2022-10-18 00:00:00",394335,
"2022-10-19 00:00:00",404972,
"2022-10-20 00:00:00",402150,
"2022-10-21 00:00:00",421500,
"2022-10-22 00:00:00",436427,
"2022-10-23 00:00:00",442148,
"2022-10-24 00:00:00",413816,
"2022-10-25 00:00:00",408368,
"2022-10-26 00:00:00",430987,
"2022-10-27 00:00:00",411800,
"2022-10-28 00:00:00",423225,
"2022-10-29 00:00:00",425808,
"2022-10-30 00:00:00",420410,
"2022-10-31 00:00:00",384565,
"2022-11-01 00:00:00",372940,
"2022-11-02 00:00:00",364352,
"2022-11-03 00:00:00",370146,
"2022-11-04 00:00:00",386603,
"2022-11-05 00:00:00",408861,
"2022-11-06 00:00:00",400760,
"2022-11-07 00:00:00",368563,
"2022-11-08 00:00:00",364509,
"2022-11-09 00:00:00",387006,
"2022-11-10 00:00:00",377660,
"2022-11-11 00:00:00",390387,
"2022-11-12 00:00:00",416178,
"2022-11-13 00:00:00",425446,
"2022-11-14 00:00:00",391603,
"2022-11-15 00:00:00",399547,
"2022-11-16 00:00:00",401592,
"2022-11-17 00:00:00",377558,
"2022-11-18 00:00:00",385306,
"2022-11-19 00:00:00",407561,
"2022-11-20 00:00:00",402620,
"2022-11-21 00:00:00",367969,
"2022-11-22 00:00:00",387606,
"2022-11-23 00:00:00",378544,
"2022-11-24 00:00:00",361110,
"2022-11-25 00:00:00",403752,
"2022-11-26 00:00:00",425493,
"2022-11-27 00:00:00",426437,
"2022-11-28 00:00:00",383954,
"2022-11-29 00:00:00",398754,
"2022-11-30 00:00:00",402539,
"2022-12-01 00:00:00",394241,
"2022-12-02 00:00:00",406495,
"2022-12-03 00:00:00",429284,
"2022-12-04 00:00:00",441051,
"2022-12-05 00:00:00",404208,
"2022-12-06 00:00:00",588540,
"2022-12-07 00:00:00",474771,
"2022-12-08 00:00:00",457946,
"2022-12-09 00:00:00",460759,
"2022-12-10 00:00:00",481212,
"2022-12-11 00:00:00",469900,
"2022-12-12 00:00:00",436722,
"2022-12-13 00:00:00",434485,
"2022-12-14 00:00:00",422239,
"2022-12-15 00:00:00",422232,
"2022-12-16 00:00:00",435474,
"2022-12-17 00:00:00",446448,
"2022-12-18 00:00:00",446505,
"2022-12-19 00:00:00",413547,
"2022-12-20 00:00:00",412682,
"2022-12-21 00:00:00",416735,
"2022-12-22 00:00:00",409057,
"2022-12-23 00:00:00",435004,
"2022-12-24 00:00:00",438378,
"2022-12-25 00:00:00",448870,
"2022-12-26 00:00:00",450603,
"2022-12-27 00:00:00",450452,
"2022-12-28 00:00:00",456651,
"2022-12-29 00:00:00",458389,
"2022-12-30 00:00:00",471474,
"2022-12-31 00:00:00",412637,
"2023-01-01 00:00:00",469605,
"2023-01-02 00:00:00",459968,
"2023-01-03 00:00:00",445340,
"2023-01-04 00:00:00",435676,
"2023-01-05 00:00:00",424253,
"2023-01-06 00:00:00",433290,
"2023-01-07 00:00:00",439944,
"2023-01-08 00:00:00",450151,
"2023-01-09 00:00:00",419905,
"2023-01-10 00:00:00",421796,
"2023-01-11 00:00:00",407363,
"2023-01-12 00:00:00",379376,
"2023-01-13 00:00:00",380747,
"2023-01-14 00:00:00",392048,
"2023-01-15 00:00:00",397968,
"2023-01-16 00:00:00",357451,
"2023-01-17 00:00:00",351687,
"2023-01-18 00:00:00",385352,
"2023-01-19 00:00:00",384284,
"2023-01-20 00:00:00",371904,
"2023-01-21 00:00:00",302416,
"2023-01-22 00:00:00",355811,
"2023-01-23 00:00:00",345363,
"2023-01-24 00:00:00",351730,
"2023-01-25 00:00:00",351002,
"2023-01-26 00:00:00",365017,
"2023-01-27 00:00:00",384648,
"2023-01-28 00:00:00",417487,
"2023-01-29 00:00:00",434929,
"2023-01-30 00:00:00",416457,
"2023-01-31 00:00:00",413911,
"2023-02-01 00:00:00",420356,
"2023-02-02 00:00:00",422465,
"2023-02-03 00:00:00",437805,
"2023-02-04 00:00:00",447634,
"2023-02-05 00:00:00",447327,
"2023-02-06 00:00:00",437883,
"2023-02-07 00:00:00",437719,
"2023-02-08 00:00:00",442848,
"2023-02-09 00:00:00",442933,
"2023-02-10 00:00:00",442274,
"2023-02-11 00:00:00",452934,
"2023-02-12 00:00:00",475898,
"2023-02-13 00:00:00",450918,
"2023-02-14 00:00:00",401044,
"2023-02-15 00:00:00",440878,
"2023-02-16 00:00:00",452174,
"2023-02-17 00:00:00",459867,
"2023-02-18 00:00:00",472050,
"2023-02-19 00:00:00",491514,
"2023-02-20 00:00:00",462704,
"2023-02-21 00:00:00",461774,
"2023-02-22 00:00:00",470856,
"2023-02-23 00:00:00",471102,
"2023-02-24 00:00:00",464510,
"2023-02-25 00:00:00",466608,
"2023-02-26 00:00:00",480656,
"2023-02-27 00:00:00",451877,
"2023-02-28 00:00:00",448101,
"2023-03-01 00:00:00",430498,
"2023-03-02 00:00:00",420841,
"2023-03-03 00:00:00",430024,
"2023-03-04 00:00:00",449724,
"2023-03-05 00:00:00",449807,
"2023-03-06 00:00:00",410580,
"2023-03-07 00:00:00",400425,
"2023-03-08 00:00:00",395089,
"2023-03-09 00:00:00",394802,
"2023-03-10 00:00:00",407817,
"2023-03-11 00:00:00",429297,
"2023-03-12 00:00:00",440391,
"2023-03-13 00:00:00",402893,
"2023-03-14 00:00:00",391575,
"2023-03-15 00:00:00",440527,
"2023-03-16 00:00:00",437773,
"2023-03-17 00:00:00",445050,
"2023-03-18 00:00:00",458778,
"2023-03-19 00:00:00",459574,
"2023-03-20 00:00:00",431449,
"2023-03-21 00:00:00",422236,
"2023-03-22 00:00:00",421530,
"2023-03-23 00:00:00",436524,
"2023-03-24 00:00:00",438999,
"2023-03-25 00:00:00",454795,
"2023-03-26 00:00:00",453831,
"2023-03-27 00:00:00",428019,
"2023-03-28 00:00:00",418412,
"2023-03-29 00:00:00",410443,
"2023-03-30 00:00:00",405635,
"2023-03-31 00:00:00",410630,
"2023-04-01 00:00:00",415393,
"2023-04-02 00:00:00",418254,
"2023-04-03 00:00:00",412696,
"2023-04-04 00:00:00",446381,
"2023-04-05 00:00:00",430067,
"2023-04-06 00:00:00",402293,
"2023-04-07 00:00:00",408583,
"2023-04-08 00:00:00",409072,
"2023-04-09 00:00:00",405469,
"2023-04-10 00:00:00",389353,
"2023-04-11 00:00:00",379113,
"2023-04-12 00:00:00",400679,
"2023-04-13 00:00:00",409715,
"2023-04-14 00:00:00",417656,
"2023-04-15 00:00:00",425625,
"2023-04-16 00:00:00",428565,
"2023-04-17 00:00:00",404192,
"2023-04-18 00:00:00",402667,
"2023-04-19 00:00:00",406334,
"2023-04-20 00:00:00",398514,
"2023-04-21 00:00:00",413248,
"2023-04-22 00:00:00",418448,
"2023-04-23 00:00:00",444868,
"2023-04-24 00:00:00",420868,
"2023-04-25 00:00:00",408961,
"2023-04-26 00:00:00",398930,
"2023-04-27 00:00:00",375439,
"2023-04-28 00:00:00",373111,
"2023-04-29 00:00:00",359031,
"2023-04-30 00:00:00",354311,
"2023-05-01 00:00:00",353566,
"2023-05-02 00:00:00",347250,
"2023-05-03 00:00:00",100610,